match,league,home/away,team,opponent,date,goals,opponent goals,season,Match Ball Possession,opponent Match Ball Possession,Match Goal Attempts,opponent Match Goal Attempts,Match Shots on Goal,opponent Match Shots on Goal,Match Shots off Goal,opponent Match Shots off Goal,Match Blocked Shots,opponent Match Blocked Shots,Match Corner Kicks,opponent Match Corner Kicks,Match Offsides,opponent Match Offsides,Match Goalkeeper Saves,opponent Match Goalkeeper Saves,Match Fouls,opponent Match Fouls,Match Yellow Cards,opponent Match Yellow Cards,1st half Ball Possession,opponent 1st half Ball Possession,1st half Goal Attempts,opponent 1st half Goal Attempts,1st half Shots on Goal,opponent 1st half Shots on Goal,1st half Shots off Goal,opponent 1st half Shots off Goal,1st half Blocked Shots,opponent 1st half Blocked Shots,1st half Corner Kicks,opponent 1st half Corner Kicks,1st half Offsides,opponent 1st half Offsides,1st half Goalkeeper Saves,opponent 1st half Goalkeeper Saves,1st half Fouls,opponent 1st half Fouls,2nd half Ball Possession,opponent 2nd half Ball Possession,2nd half Goal Attempts,opponent 2nd half Goal Attempts,2nd half Shots on Goal,opponent 2nd half Shots on Goal,2nd half Shots off Goal,opponent 2nd half Shots off Goal,2nd half Blocked Shots,opponent 2nd half Blocked Shots,2nd half Corner Kicks,opponent 2nd half Corner Kicks,2nd half Offsides,opponent 2nd half Offsides,2nd half Goalkeeper Saves,opponent 2nd half Goalkeeper Saves,2nd half Fouls,opponent 2nd half Fouls,2nd half Yellow Cards,opponent 2nd half Yellow Cards,1st half Yellow Cards,opponent 1st half Yellow Cards,Match Red Cards,opponent Match Red Cards,1st half Red Cards,opponent 1st half Red Cards,2nd half Red Cards,opponent 2nd half Red Cards,Match Tackles,opponent Match Tackles,2nd half Tackles,opponent 2nd half Tackles,Extra timeBall Possession,opponent Extra timeBall Possession,Extra timeGoal Attempts,opponent Extra timeGoal Attempts,Extra timeShots on Goal,opponent Extra timeShots on Goal,Extra timeShots off Goal,opponent Extra timeShots off Goal,Extra timeBlocked Shots,opponent Extra timeBlocked Shots,Extra timeCorner Kicks,opponent Extra timeCorner Kicks,Extra timeOffsides,opponent Extra timeOffsides,Extra timeGoalkeeper Saves,opponent Extra timeGoalkeeper Saves,Extra timeFouls,opponent Extra timeFouls,Extra timeYellow Cards,opponent Extra timeYellow Cards,Match Free Kicks,opponent Match Free Kicks,Match Throw-in,opponent Match Throw-in,2nd half Free Kicks,opponent 2nd half Free Kicks,2nd half Throw-in,opponent 2nd half Throw-in
bundesliga-2016-2017-2017-02-10-Mainz-Augsburg,bundesliga,home,Mainz,Augsburg,10.02.2017,2,0,2016-2017,49%,51%,8.0,10.0,4.0,6.0,3.0,3.0,1.0,1.0,6.0,2.0,1.0,0.0,6.0,2.0,9.0,13.0,1.0,3.0,53%,47%,5.0,6.0,2.0,4.0,2.0,1.0,1.0,1.0,5.0,1.0,1.0,0.0,4.0,1.0,4.0,9.0,45%,55%,3.0,4.0,2.0,2.0,1.0,2.0,0.0,0.0,1.0,1.0,0.0,0.0,2.0,1.0,5.0,4.0,1.0,3.0,0.0,0.0,0.0,0.0,0.0,0.0,0.0,0.0,0.0,0.0,0.0,0.0,0,0,0.0,0.0,0.0,0.0,0.0,0.0,0.0,0.0,0.0,0.0,0.0,0.0,0.0,0.0,0.0,0.0,0.0,0.0,0.0,0.0,0.0,0.0,0.0,0.0,0.0,0.0
bundesliga-2016-2017-2017-02-11-Bayer Leverkusen-Eintracht Frankfurt,bundesliga,home,Bayer Leverkusen,Eintracht Frankfurt,11.02.2017,3,0,2016-2017,50%,50%,17.0,9.0,7.0,3.0,6.0,4.0,4.0,2.0,7.0,6.0,3.0,2.0,3.0,4.0,9.0,10.0,2.0,1.0,52%,48%,6.0,3.0,2.0,2.0,4.0,0.0,0.0,1.0,0.0,2.0,2.0,1.0,2.0,1.0,7.0,9.0,48%,52%,11.0,6.0,5.0,1.0,2.0,4.0,4.0,1.0,7.0,4.0,1.0,1.0,1.0,3.0,2.0,1.0,0.0,0.0,2.0,1.0,0.0,0.0,0.0,0.0,0.0,0.0,0.0,0.0,0.0,0.0,0,0,0.0,0.0,0.0,0.0,0.0,0.0,0.0,0.0,0.0,0.0,0.0,0.0,0.0,0.0,0.0,0.0,0.0,0.0,0.0,0.0,0.0,0.0,0.0,0.0,0.0,0.0
bundesliga-2016-2017-2017-02-11-Darmstadt-Dortmund,bundesliga,home,Darmstadt,Dortmund,11.02.2017,2,1,2016-2017,41%,59%,15.0,14.0,7.0,4.0,7.0,6.0,1.0,4.0,0.0,12.0,3.0,2.0,3.0,5.0,10.0,20.0,2.0,2.0,44%,56%,6.0,7.0,3.0,3.0,3.0,3.0,0.0,1.0,0.0,6.0,2.0,0.0,2.0,2.0,4.0,10.0,38%,62%,9.0,7.0,4.0,1.0,4.0,3.0,1.0,3.0,0.0,6.0,1.0,2.0,1.0,3.0,6.0,10.0,2.0,2.0,0.0,0.0,0.0,0.0,0.0,0.0,0.0,0.0,0.0,0.0,0.0,0.0,0,0,0.0,0.0,0.0,0.0,0.0,0.0,0.0,0.0,0.0,0.0,0.0,0.0,0.0,0.0,0.0,0.0,0.0,0.0,0.0,0.0,0.0,0.0,0.0,0.0,0.0,0.0
bundesliga-2016-2017-2017-02-11-Ingolstadt-Bayern Munich,bundesliga,home,Ingolstadt,Bayern Munich,11.02.2017,0,2,2016-2017,34%,66%,8.0,17.0,0.0,5.0,7.0,9.0,1.0,3.0,2.0,4.0,0.0,4.0,3.0,0.0,15.0,14.0,2.0,1.0,36%,64%,4.0,8.0,0.0,2.0,3.0,5.0,1.0,1.0,0.0,3.0,0.0,2.0,2.0,0.0,10.0,7.0,32%,68%,4.0,9.0,0.0,3.0,4.0,4.0,0.0,2.0,2.0,1.0,0.0,2.0,1.0,0.0,5.0,7.0,2.0,1.0,0.0,0.0,0.0,0.0,0.0,0.0,0.0,0.0,0.0,0.0,0.0,0.0,0,0,0.0,0.0,0.0,0.0,0.0,0.0,0.0,0.0,0.0,0.0,0.0,0.0,0.0,0.0,0.0,0.0,0.0,0.0,0.0,0.0,0.0,0.0,0.0,0.0,0.0,0.0
bundesliga-2016-2017-2017-02-11-RB Leipzig-Hamburger SV,bundesliga,home,RB Leipzig,Hamburger SV,11.02.2017,0,3,2016-2017,63%,37%,15.0,11.0,0.0,5.0,9.0,5.0,6.0,1.0,3.0,6.0,4.0,5.0,2.0,0.0,9.0,17.0,2.0,2.0,62%,38%,10.0,5.0,0.0,3.0,8.0,2.0,2.0,0.0,2.0,5.0,1.0,0.0,1.0,0.0,2.0,5.0,64%,36%,5.0,6.0,0.0,2.0,1.0,3.0,4.0,1.0,1.0,1.0,3.0,5.0,1.0,0.0,7.0,12.0,1.0,2.0,1.0,0.0,0.0,0.0,0.0,0.0,0.0,0.0,0.0,0.0,0.0,0.0,0,0,0.0,0.0,0.0,0.0,0.0,0.0,0.0,0.0,0.0,0.0,0.0,0.0,0.0,0.0,0.0,0.0,0.0,0.0,0.0,0.0,0.0,0.0,0.0,0.0,0.0,0.0
bundesliga-2016-2017-2017-02-11-Schalke-Hertha Berlin,bundesliga,home,Schalke,Hertha Berlin,11.02.2017,2,0,2016-2017,0,0,0.0,0.0,0.0,0.0,0.0,0.0,0.0,0.0,0.0,0.0,0.0,0.0,0.0,0.0,0.0,0.0,0.0,0.0,0,0,0.0,0.0,0.0,0.0,0.0,0.0,0.0,0.0,0.0,0.0,0.0,0.0,0.0,0.0,0.0,0.0,0,0,0.0,0.0,0.0,0.0,0.0,0.0,0.0,0.0,0.0,0.0,0.0,0.0,0.0,0.0,0.0,0.0,0.0,0.0,0.0,0.0,0.0,0.0,0.0,0.0,0.0,0.0,0.0,0.0,0.0,0.0,0,0,0.0,0.0,0.0,0.0,0.0,0.0,0.0,0.0,0.0,0.0,0.0,0.0,0.0,0.0,0.0,0.0,0.0,0.0,0.0,0.0,0.0,0.0,0.0,0.0,0.0,0.0
bundesliga-2016-2017-2017-02-11-Werder Bremen-B. Monchengladbach,bundesliga,home,Werder Bremen,B. Monchengladbach,11.02.2017,0,1,2016-2017,57%,43%,16.0,12.0,6.0,3.0,3.0,4.0,7.0,5.0,9.0,3.0,1.0,4.0,2.0,6.0,16.0,17.0,2.0,2.0,54%,46%,4.0,8.0,3.0,2.0,1.0,3.0,0.0,3.0,2.0,3.0,0.0,3.0,1.0,3.0,10.0,6.0,60%,40%,12.0,4.0,3.0,1.0,2.0,1.0,7.0,2.0,7.0,0.0,1.0,1.0,1.0,3.0,6.0,11.0,2.0,2.0,0.0,0.0,0.0,0.0,0.0,0.0,0.0,0.0,0.0,0.0,0.0,0.0,0,0,0.0,0.0,0.0,0.0,0.0,0.0,0.0,0.0,0.0,0.0,0.0,0.0,0.0,0.0,0.0,0.0,0.0,0.0,0.0,0.0,0.0,0.0,0.0,0.0,0.0,0.0
bundesliga-2016-2017-2017-02-12-Freiburg-FC Koln,bundesliga,home,Freiburg,FC Koln,12.02.2017,2,1,2016-2017,55%,45%,12.0,12.0,6.0,5.0,4.0,6.0,2.0,1.0,7.0,1.0,0.0,4.0,4.0,4.0,14.0,12.0,1.0,1.0,57%,43%,4.0,5.0,3.0,2.0,1.0,2.0,0.0,1.0,2.0,0.0,0.0,2.0,1.0,2.0,7.0,6.0,53%,47%,8.0,7.0,3.0,3.0,3.0,4.0,2.0,0.0,5.0,1.0,0.0,2.0,3.0,2.0,7.0,6.0,1.0,1.0,0.0,0.0,0.0,0.0,0.0,0.0,0.0,0.0,0.0,0.0,0.0,0.0,0,0,0.0,0.0,0.0,0.0,0.0,0.0,0.0,0.0,0.0,0.0,0.0,0.0,0.0,0.0,0.0,0.0,0.0,0.0,0.0,0.0,0.0,0.0,0.0,0.0,0.0,0.0
bundesliga-2016-2017-2017-02-12-Wolfsburg-Hoffenheim,bundesliga,home,Wolfsburg,Hoffenheim,12.02.2017,2,1,2016-2017,41%,59%,14.0,14.0,7.0,7.0,5.0,5.0,2.0,2.0,4.0,5.0,2.0,3.0,6.0,5.0,15.0,17.0,3.0,2.0,46%,54%,4.0,8.0,1.0,2.0,2.0,4.0,1.0,2.0,1.0,1.0,2.0,1.0,1.0,1.0,8.0,8.0,35%,65%,10.0,6.0,6.0,5.0,3.0,1.0,1.0,0.0,3.0,4.0,0.0,2.0,5.0,4.0,7.0,9.0,1.0,2.0,2.0,0.0,0.0,0.0,0.0,0.0,0.0,0.0,0.0,0.0,0.0,0.0,0,0,0.0,0.0,0.0,0.0,0.0,0.0,0.0,0.0,0.0,0.0,0.0,0.0,0.0,0.0,0.0,0.0,0.0,0.0,0.0,0.0,0.0,0.0,0.0,0.0,0.0,0.0
bundesliga-2016-2017-2017-02-17-Augsburg-Bayer Leverkusen,bundesliga,home,Augsburg,Bayer Leverkusen,17.02.2017,1,3,2016-2017,51%,49%,12.0,20.0,4.0,10.0,6.0,5.0,2.0,5.0,2.0,4.0,3.0,1.0,7.0,3.0,12.0,13.0,3.0,1.0,46%,54%,6.0,11.0,1.0,6.0,4.0,2.0,1.0,3.0,1.0,3.0,1.0,1.0,4.0,1.0,6.0,7.0,56%,44%,6.0,9.0,3.0,4.0,2.0,3.0,1.0,2.0,1.0,1.0,2.0,0.0,3.0,2.0,6.0,6.0,2.0,1.0,1.0,0.0,0.0,0.0,0.0,0.0,0.0,0.0,0.0,0.0,0.0,0.0,0,0,0.0,0.0,0.0,0.0,0.0,0.0,0.0,0.0,0.0,0.0,0.0,0.0,0.0,0.0,0.0,0.0,0.0,0.0,0.0,0.0,0.0,0.0,0.0,0.0,0.0,0.0
bundesliga-2016-2017-2017-02-18-Dortmund-Wolfsburg,bundesliga,home,Dortmund,Wolfsburg,18.02.2017,3,0,2016-2017,62%,38%,24.0,6.0,10.0,3.0,9.0,3.0,5.0,0.0,9.0,2.0,6.0,2.0,3.0,7.0,16.0,15.0,2.0,1.0,63%,37%,9.0,2.0,4.0,1.0,4.0,1.0,1.0,0.0,4.0,0.0,2.0,1.0,1.0,3.0,8.0,9.0,61%,39%,15.0,4.0,6.0,2.0,5.0,2.0,4.0,0.0,5.0,2.0,4.0,1.0,2.0,4.0,8.0,6.0,2.0,1.0,0.0,0.0,0.0,0.0,0.0,0.0,0.0,0.0,0.0,0.0,0.0,0.0,0,0,0.0,0.0,0.0,0.0,0.0,0.0,0.0,0.0,0.0,0.0,0.0,0.0,0.0,0.0,0.0,0.0,0.0,0.0,0.0,0.0,0.0,0.0,0.0,0.0,0.0,0.0
bundesliga-2016-2017-2017-02-18-Eintracht Frankfurt-Ingolstadt,bundesliga,home,Eintracht Frankfurt,Ingolstadt,18.02.2017,0,2,2016-2017,50%,50%,15.0,14.0,6.0,11.0,6.0,2.0,3.0,1.0,4.0,5.0,4.0,3.0,9.0,6.0,15.0,12.0,4.0,0.0,52%,48%,4.0,8.0,1.0,5.0,2.0,2.0,1.0,1.0,2.0,3.0,2.0,3.0,4.0,1.0,6.0,4.0,48%,52%,11.0,6.0,5.0,6.0,4.0,0.0,2.0,0.0,2.0,2.0,2.0,0.0,5.0,5.0,9.0,8.0,2.0,0.0,2.0,0.0,1.0,1.0,1.0,0.0,0.0,1.0,0.0,0.0,0.0,0.0,0,0,0.0,0.0,0.0,0.0,0.0,0.0,0.0,0.0,0.0,0.0,0.0,0.0,0.0,0.0,0.0,0.0,0.0,0.0,0.0,0.0,0.0,0.0,0.0,0.0,0.0,0.0
bundesliga-2016-2017-2017-02-18-Hamburger SV-Freiburg,bundesliga,home,Hamburger SV,Freiburg,18.02.2017,2,2,2016-2017,48%,52%,6.0,12.0,4.0,3.0,0.0,4.0,2.0,5.0,7.0,5.0,2.0,2.0,1.0,2.0,15.0,9.0,3.0,2.0,49%,51%,3.0,6.0,2.0,2.0,0.0,2.0,1.0,2.0,3.0,2.0,2.0,2.0,1.0,1.0,4.0,5.0,47%,53%,3.0,6.0,2.0,1.0,0.0,2.0,1.0,3.0,4.0,3.0,0.0,0.0,0.0,1.0,11.0,4.0,3.0,1.0,0.0,1.0,0.0,0.0,0.0,0.0,0.0,0.0,0.0,0.0,0.0,0.0,0,0,0.0,0.0,0.0,0.0,0.0,0.0,0.0,0.0,0.0,0.0,0.0,0.0,0.0,0.0,0.0,0.0,0.0,0.0,0.0,0.0,0.0,0.0,0.0,0.0,0.0,0.0
bundesliga-2016-2017-2017-02-18-Hertha Berlin-Bayern Munich,bundesliga,home,Hertha Berlin,Bayern Munich,18.02.2017,1,1,2016-2017,29%,71%,11.0,16.0,2.0,7.0,4.0,2.0,5.0,7.0,3.0,4.0,3.0,4.0,6.0,1.0,19.0,10.0,2.0,3.0,33%,67%,7.0,5.0,1.0,2.0,2.0,1.0,4.0,2.0,3.0,1.0,3.0,2.0,2.0,0.0,9.0,3.0,25%,75%,4.0,11.0,1.0,5.0,2.0,1.0,1.0,5.0,0.0,3.0,0.0,2.0,4.0,1.0,10.0,7.0,2.0,3.0,0.0,0.0,0.0,0.0,0.0,0.0,0.0,0.0,0.0,0.0,0.0,0.0,0,0,0.0,0.0,0.0,0.0,0.0,0.0,0.0,0.0,0.0,0.0,0.0,0.0,0.0,0.0,0.0,0.0,0.0,0.0,0.0,0.0,0.0,0.0,0.0,0.0,0.0,0.0
bundesliga-2016-2017-2017-02-18-Hoffenheim-Darmstadt,bundesliga,home,Hoffenheim,Darmstadt,18.02.2017,2,0,2016-2017,56%,44%,14.0,7.0,5.0,4.0,5.0,3.0,4.0,0.0,4.0,2.0,3.0,2.0,4.0,3.0,11.0,19.0,3.0,4.0,57%,43%,6.0,3.0,1.0,2.0,4.0,1.0,1.0,0.0,1.0,0.0,2.0,1.0,2.0,1.0,6.0,10.0,55%,45%,8.0,4.0,4.0,2.0,1.0,2.0,3.0,0.0,3.0,2.0,1.0,1.0,2.0,2.0,5.0,9.0,2.0,4.0,1.0,0.0,0.0,0.0,0.0,0.0,0.0,0.0,0.0,0.0,0.0,0.0,0,0,0.0,0.0,0.0,0.0,0.0,0.0,0.0,0.0,0.0,0.0,0.0,0.0,0.0,0.0,0.0,0.0,0.0,0.0,0.0,0.0,0.0,0.0,0.0,0.0,0.0,0.0
bundesliga-2016-2017-2017-02-18-Mainz-Werder Bremen,bundesliga,home,Mainz,Werder Bremen,18.02.2017,0,2,2016-2017,57%,43%,13.0,8.0,5.0,4.0,4.0,3.0,4.0,1.0,7.0,6.0,2.0,1.0,2.0,5.0,14.0,9.0,3.0,4.0,57%,43%,2.0,3.0,1.0,2.0,0.0,1.0,1.0,0.0,1.0,5.0,2.0,0.0,0.0,1.0,8.0,5.0,57%,43%,11.0,5.0,4.0,2.0,4.0,2.0,3.0,1.0,6.0,1.0,0.0,1.0,2.0,4.0,6.0,4.0,2.0,2.0,1.0,2.0,0.0,0.0,0.0,0.0,0.0,0.0,0.0,0.0,0.0,0.0,0,0,0.0,0.0,0.0,0.0,0.0,0.0,0.0,0.0,0.0,0.0,0.0,0.0,0.0,0.0,0.0,0.0,0.0,0.0,0.0,0.0,0.0,0.0,0.0,0.0,0.0,0.0
bundesliga-2016-2017-2017-02-19-B. Monchengladbach-RB Leipzig,bundesliga,home,B. Monchengladbach,RB Leipzig,19.02.2017,1,2,2016-2017,55%,45%,12.0,9.0,3.0,5.0,7.0,3.0,2.0,1.0,8.0,3.0,7.0,7.0,3.0,2.0,15.0,17.0,4.0,3.0,55%,45%,4.0,4.0,1.0,3.0,3.0,0.0,0.0,1.0,2.0,1.0,4.0,4.0,2.0,1.0,5.0,9.0,55%,45%,8.0,5.0,2.0,2.0,4.0,3.0,2.0,0.0,6.0,2.0,3.0,3.0,1.0,1.0,10.0,8.0,3.0,1.0,1.0,2.0,0.0,0.0,0.0,0.0,0.0,0.0,0.0,0.0,0.0,0.0,0,0,0.0,0.0,0.0,0.0,0.0,0.0,0.0,0.0,0.0,0.0,0.0,0.0,0.0,0.0,0.0,0.0,0.0,0.0,0.0,0.0,0.0,0.0,0.0,0.0,0.0,0.0
bundesliga-2016-2017-2017-02-19-FC Koln-Schalke,bundesliga,home,FC Koln,Schalke,19.02.2017,1,1,2016-2017,49%,51%,8.0,12.0,4.0,4.0,3.0,7.0,1.0,1.0,5.0,0.0,8.0,1.0,3.0,3.0,12.0,14.0,2.0,3.0,53%,47%,5.0,5.0,3.0,1.0,2.0,3.0,0.0,1.0,2.0,0.0,5.0,0.0,0.0,2.0,7.0,6.0,45%,55%,3.0,7.0,1.0,3.0,1.0,4.0,1.0,0.0,3.0,0.0,3.0,1.0,3.0,1.0,5.0,8.0,1.0,3.0,1.0,0.0,0.0,0.0,0.0,0.0,0.0,0.0,0.0,0.0,0.0,0.0,0,0,0.0,0.0,0.0,0.0,0.0,0.0,0.0,0.0,0.0,0.0,0.0,0.0,0.0,0.0,0.0,0.0,0.0,0.0,0.0,0.0,0.0,0.0,0.0,0.0,0.0,0.0
bundesliga-2016-2017-2017-02-24-Wolfsburg-Werder Bremen,bundesliga,home,Wolfsburg,Werder Bremen,24.02.2017,1,2,2016-2017,65%,35%,27.0,7.0,6.0,3.0,17.0,4.0,4.0,0.0,13.0,1.0,1.0,0.0,1.0,5.0,13.0,14.0,1.0,3.0,63%,37%,18.0,5.0,5.0,3.0,11.0,2.0,2.0,0.0,3.0,1.0,1.0,0.0,1.0,4.0,4.0,6.0,67%,33%,9.0,2.0,1.0,0.0,6.0,2.0,2.0,0.0,10.0,0.0,0.0,0.0,0.0,1.0,9.0,8.0,1.0,2.0,0.0,1.0,0.0,0.0,0.0,0.0,0.0,0.0,0.0,0.0,0.0,0.0,0,0,0.0,0.0,0.0,0.0,0.0,0.0,0.0,0.0,0.0,0.0,0.0,0.0,0.0,0.0,0.0,0.0,0.0,0.0,0.0,0.0,0.0,0.0,0.0,0.0,0.0,0.0
bundesliga-2016-2017-2017-02-25-Bayer Leverkusen-Mainz,bundesliga,home,Bayer Leverkusen,Mainz,25.02.2017,0,2,2016-2017,57%,43%,12.0,11.0,3.0,5.0,8.0,3.0,1.0,3.0,9.0,8.0,0.0,4.0,3.0,3.0,20.0,13.0,1.0,3.0,55%,45%,6.0,8.0,2.0,4.0,3.0,1.0,1.0,3.0,5.0,5.0,0.0,3.0,2.0,2.0,8.0,5.0,59%,41%,6.0,3.0,1.0,1.0,5.0,2.0,0.0,0.0,4.0,3.0,0.0,1.0,1.0,1.0,12.0,8.0,0.0,3.0,1.0,0.0,0.0,0.0,0.0,0.0,0.0,0.0,0.0,0.0,0.0,0.0,0,0,0.0,0.0,0.0,0.0,0.0,0.0,0.0,0.0,0.0,0.0,0.0,0.0,0.0,0.0,0.0,0.0,0.0,0.0,0.0,0.0,0.0,0.0,0.0,0.0,0.0,0.0
bundesliga-2016-2017-2017-02-25-Bayern Munich-Hamburger SV,bundesliga,home,Bayern Munich,Hamburger SV,25.02.2017,8,0,2016-2017,67%,33%,18.0,5.0,12.0,1.0,4.0,2.0,2.0,2.0,4.0,4.0,2.0,2.0,1.0,4.0,15.0,10.0,0.0,1.0,70%,30%,11.0,2.0,6.0,0.0,4.0,1.0,1.0,1.0,3.0,4.0,1.0,1.0,0.0,3.0,6.0,5.0,63%,37%,7.0,3.0,6.0,1.0,0.0,1.0,1.0,1.0,1.0,0.0,1.0,1.0,1.0,1.0,9.0,5.0,0.0,0.0,0.0,1.0,0.0,0.0,0.0,0.0,0.0,0.0,0.0,0.0,0.0,0.0,0,0,0.0,0.0,0.0,0.0,0.0,0.0,0.0,0.0,0.0,0.0,0.0,0.0,0.0,0.0,0.0,0.0,0.0,0.0,0.0,0.0,0.0,0.0,0.0,0.0,0.0,0.0
bundesliga-2016-2017-2017-02-25-Darmstadt-Augsburg,bundesliga,home,Darmstadt,Augsburg,25.02.2017,1,2,2016-2017,54%,46%,5.0,18.0,2.0,3.0,2.0,7.0,1.0,8.0,1.0,1.0,1.0,2.0,1.0,1.0,16.0,16.0,1.0,0.0,56%,44%,0.0,4.0,0.0,0.0,0.0,3.0,0.0,1.0,1.0,0.0,1.0,1.0,0.0,0.0,7.0,12.0,52%,48%,5.0,14.0,2.0,3.0,2.0,4.0,1.0,7.0,0.0,1.0,0.0,1.0,1.0,1.0,9.0,4.0,1.0,0.0,0.0,0.0,0.0,0.0,0.0,0.0,0.0,0.0,0.0,0.0,0.0,0.0,0,0,0.0,0.0,0.0,0.0,0.0,0.0,0.0,0.0,0.0,0.0,0.0,0.0,0.0,0.0,0.0,0.0,0.0,0.0,0.0,0.0,0.0,0.0,0.0,0.0,0.0,0.0
bundesliga-2016-2017-2017-02-25-Freiburg-Dortmund,bundesliga,home,Freiburg,Dortmund,25.02.2017,0,3,2016-2017,39%,61%,7.0,26.0,3.0,10.0,3.0,9.0,1.0,7.0,5.0,3.0,3.0,2.0,7.0,3.0,8.0,10.0,1.0,0.0,38%,62%,2.0,14.0,0.0,7.0,1.0,4.0,1.0,3.0,1.0,2.0,2.0,1.0,6.0,0.0,3.0,6.0,40%,60%,5.0,12.0,3.0,3.0,2.0,5.0,0.0,4.0,4.0,1.0,1.0,1.0,1.0,3.0,5.0,4.0,1.0,0.0,0.0,0.0,0.0,0.0,0.0,0.0,0.0,0.0,0.0,0.0,0.0,0.0,0,0,0.0,0.0,0.0,0.0,0.0,0.0,0.0,0.0,0.0,0.0,0.0,0.0,0.0,0.0,0.0,0.0,0.0,0.0,0.0,0.0,0.0,0.0,0.0,0.0,0.0,0.0
bundesliga-2016-2017-2017-02-25-Hertha Berlin-Eintracht Frankfurt,bundesliga,home,Hertha Berlin,Eintracht Frankfurt,25.02.2017,2,0,2016-2017,56%,44%,6.0,8.0,4.0,2.0,2.0,1.0,0.0,5.0,3.0,6.0,4.0,2.0,2.0,2.0,11.0,16.0,2.0,2.0,58%,42%,2.0,4.0,1.0,2.0,1.0,1.0,0.0,1.0,2.0,3.0,2.0,0.0,2.0,1.0,8.0,8.0,54%,46%,4.0,4.0,3.0,0.0,1.0,0.0,0.0,4.0,1.0,3.0,2.0,2.0,0.0,1.0,3.0,8.0,0.0,2.0,2.0,0.0,0.0,1.0,0.0,0.0,0.0,1.0,0.0,0.0,0.0,0.0,0,0,0.0,0.0,0.0,0.0,0.0,0.0,0.0,0.0,0.0,0.0,0.0,0.0,0.0,0.0,0.0,0.0,0.0,0.0,0.0,0.0,0.0,0.0,0.0,0.0,0.0,0.0
bundesliga-2016-2017-2017-02-25-RB Leipzig-FC Koln,bundesliga,home,RB Leipzig,FC Koln,25.02.2017,3,1,2016-2017,52%,48%,13.0,5.0,5.0,1.0,8.0,4.0,0.0,0.0,3.0,0.0,3.0,1.0,0.0,2.0,14.0,10.0,1.0,4.0,53%,47%,9.0,2.0,3.0,0.0,6.0,2.0,0.0,0.0,1.0,0.0,1.0,1.0,0.0,1.0,6.0,5.0,51%,49%,4.0,3.0,2.0,1.0,2.0,2.0,0.0,0.0,2.0,0.0,2.0,0.0,0.0,1.0,8.0,5.0,1.0,2.0,0.0,2.0,0.0,0.0,0.0,0.0,0.0,0.0,0.0,0.0,0.0,0.0,0,0,0.0,0.0,0.0,0.0,0.0,0.0,0.0,0.0,0.0,0.0,0.0,0.0,0.0,0.0,0.0,0.0,0.0,0.0,0.0,0.0,0.0,0.0,0.0,0.0,0.0,0.0
bundesliga-2016-2017-2017-02-26-Ingolstadt-B. Monchengladbach,bundesliga,home,Ingolstadt,B. Monchengladbach,26.02.2017,0,2,2016-2017,52%,48%,14.0,10.0,3.0,4.0,4.0,4.0,7.0,2.0,6.0,4.0,2.0,4.0,2.0,3.0,10.0,14.0,2.0,0.0,50%,50%,5.0,6.0,0.0,1.0,2.0,2.0,3.0,3.0,1.0,3.0,0.0,2.0,1.0,0.0,5.0,8.0,54%,46%,9.0,4.0,3.0,3.0,2.0,2.0,4.0,-1.0,5.0,1.0,2.0,2.0,1.0,3.0,5.0,6.0,1.0,0.0,1.0,0.0,0.0,0.0,0.0,0.0,0.0,0.0,0.0,0.0,0.0,0.0,0,0,0.0,0.0,0.0,0.0,0.0,0.0,0.0,0.0,0.0,0.0,0.0,0.0,0.0,0.0,0.0,0.0,0.0,0.0,0.0,0.0,0.0,0.0,0.0,0.0,0.0,0.0
bundesliga-2016-2017-2017-02-26-Schalke-Hoffenheim,bundesliga,home,Schalke,Hoffenheim,26.02.2017,1,1,2016-2017,43%,57%,7.0,14.0,2.0,4.0,2.0,9.0,3.0,1.0,6.0,3.0,2.0,2.0,3.0,1.0,18.0,12.0,0.0,2.0,41%,59%,3.0,8.0,1.0,3.0,0.0,4.0,2.0,1.0,4.0,3.0,1.0,1.0,3.0,0.0,7.0,4.0,45%,55%,4.0,6.0,1.0,1.0,2.0,5.0,1.0,0.0,2.0,0.0,1.0,1.0,0.0,1.0,11.0,8.0,0.0,2.0,0.0,0.0,0.0,0.0,0.0,0.0,0.0,0.0,0.0,0.0,0.0,0.0,0,0,0.0,0.0,0.0,0.0,0.0,0.0,0.0,0.0,0.0,0.0,0.0,0.0,0.0,0.0,0.0,0.0,0.0,0.0,0.0,0.0,0.0,0.0,0.0,0.0,0.0,0.0
bundesliga-2016-2017-2017-03-03-Augsburg-RB Leipzig,bundesliga,home,Augsburg,RB Leipzig,03.03.2017,2,2,2016-2017,38%,62%,7.0,12.0,2.0,5.0,5.0,5.0,0.0,2.0,1.0,6.0,7.0,5.0,3.0,0.0,15.0,15.0,4.0,2.0,42%,58%,4.0,2.0,1.0,1.0,3.0,1.0,0.0,0.0,0.0,3.0,2.0,2.0,0.0,0.0,8.0,8.0,34%,66%,3.0,10.0,1.0,4.0,2.0,4.0,0.0,2.0,1.0,3.0,5.0,3.0,3.0,0.0,7.0,7.0,1.0,1.0,3.0,1.0,0.0,0.0,0.0,0.0,0.0,0.0,0.0,0.0,0.0,0.0,0,0,0.0,0.0,0.0,0.0,0.0,0.0,0.0,0.0,0.0,0.0,0.0,0.0,0.0,0.0,0.0,0.0,0.0,0.0,0.0,0.0,0.0,0.0,0.0,0.0,0.0,0.0
bundesliga-2016-2017-2017-03-04-B. Monchengladbach-Schalke,bundesliga,home,B. Monchengladbach,Schalke,04.03.2017,4,2,2016-2017,42%,58%,19.0,7.0,7.0,2.0,10.0,5.0,2.0,0.0,3.0,2.0,4.0,5.0,0.0,3.0,5.0,15.0,0.0,4.0,38%,62%,7.0,4.0,1.0,1.0,6.0,3.0,0.0,0.0,0.0,2.0,2.0,1.0,0.0,0.0,2.0,7.0,47%,53%,12.0,3.0,6.0,1.0,4.0,2.0,2.0,0.0,3.0,0.0,2.0,4.0,0.0,3.0,3.0,8.0,0.0,3.0,0.0,1.0,0.0,0.0,0.0,0.0,0.0,0.0,0.0,0.0,0.0,0.0,0,0,0.0,0.0,0.0,0.0,0.0,0.0,0.0,0.0,0.0,0.0,0.0,0.0,0.0,0.0,0.0,0.0,0.0,0.0,0.0,0.0,0.0,0.0,0.0,0.0,0.0,0.0
bundesliga-2016-2017-2017-03-04-Dortmund-Bayer Leverkusen,bundesliga,home,Dortmund,Bayer Leverkusen,04.03.2017,6,2,2016-2017,53%,47%,20.0,12.0,12.0,3.0,4.0,3.0,4.0,6.0,7.0,3.0,2.0,2.0,1.0,6.0,7.0,20.0,0.0,6.0,51%,49%,11.0,8.0,6.0,0.0,3.0,2.0,2.0,6.0,4.0,3.0,1.0,1.0,0.0,4.0,4.0,13.0,55%,45%,9.0,4.0,6.0,3.0,1.0,1.0,2.0,0.0,3.0,0.0,1.0,1.0,1.0,2.0,3.0,7.0,0.0,3.0,0.0,3.0,0.0,0.0,0.0,0.0,0.0,0.0,0.0,0.0,0.0,0.0,0,0,0.0,0.0,0.0,0.0,0.0,0.0,0.0,0.0,0.0,0.0,0.0,0.0,0.0,0.0,0.0,0.0,0.0,0.0,0.0,0.0,0.0,0.0,0.0,0.0,0.0,0.0
bundesliga-2016-2017-2017-03-04-FC Koln-Bayern Munich,bundesliga,home,FC Koln,Bayern Munich,04.03.2017,0,3,2016-2017,31%,69%,6.0,20.0,2.0,8.0,3.0,6.0,1.0,6.0,2.0,9.0,1.0,1.0,5.0,2.0,11.0,9.0,0.0,2.0,35%,65%,4.0,14.0,2.0,6.0,2.0,4.0,0.0,4.0,1.0,7.0,0.0,0.0,5.0,2.0,7.0,4.0,27%,73%,2.0,6.0,0.0,2.0,1.0,2.0,1.0,2.0,1.0,2.0,1.0,1.0,0.0,0.0,4.0,5.0,0.0,1.0,0.0,1.0,0.0,0.0,0.0,0.0,0.0,0.0,0.0,0.0,0.0,0.0,0,0,0.0,0.0,0.0,0.0,0.0,0.0,0.0,0.0,0.0,0.0,0.0,0.0,0.0,0.0,0.0,0.0,0.0,0.0,0.0,0.0,0.0,0.0,0.0,0.0,0.0,0.0
bundesliga-2016-2017-2017-03-04-Hoffenheim-Ingolstadt,bundesliga,home,Hoffenheim,Ingolstadt,04.03.2017,5,2,2016-2017,57%,43%,17.0,8.0,12.0,4.0,3.0,3.0,2.0,1.0,3.0,6.0,5.0,3.0,2.0,7.0,18.0,19.0,2.0,2.0,54%,46%,7.0,2.0,2.0,1.0,2.0,1.0,3.0,0.0,2.0,3.0,3.0,1.0,0.0,1.0,10.0,11.0,61%,39%,10.0,6.0,10.0,3.0,1.0,2.0,-1.0,1.0,1.0,3.0,2.0,2.0,2.0,6.0,8.0,8.0,1.0,2.0,1.0,0.0,0.0,0.0,0.0,0.0,0.0,0.0,0.0,0.0,0.0,0.0,0,0,0.0,0.0,0.0,0.0,0.0,0.0,0.0,0.0,0.0,0.0,0.0,0.0,0.0,0.0,0.0,0.0,0.0,0.0,0.0,0.0,0.0,0.0,0.0,0.0,0.0,0.0
bundesliga-2016-2017-2017-03-04-Mainz-Wolfsburg,bundesliga,home,Mainz,Wolfsburg,04.03.2017,1,1,2016-2017,41%,59%,10.0,7.0,2.0,5.0,5.0,1.0,3.0,1.0,4.0,6.0,0.0,0.0,4.0,1.0,15.0,11.0,0.0,0.0,43%,57%,7.0,5.0,1.0,3.0,4.0,1.0,2.0,1.0,3.0,4.0,0.0,0.0,2.0,0.0,7.0,6.0,39%,61%,3.0,2.0,1.0,2.0,1.0,0.0,1.0,0.0,1.0,2.0,0.0,0.0,2.0,1.0,8.0,5.0,0.0,0.0,0.0,0.0,0.0,0.0,0.0,0.0,0.0,0.0,0.0,0.0,0.0,0.0,0,0,0.0,0.0,0.0,0.0,0.0,0.0,0.0,0.0,0.0,0.0,0.0,0.0,0.0,0.0,0.0,0.0,0.0,0.0,0.0,0.0,0.0,0.0,0.0,0.0,0.0,0.0
bundesliga-2016-2017-2017-03-04-Werder Bremen-Darmstadt,bundesliga,home,Werder Bremen,Darmstadt,04.03.2017,2,0,2016-2017,45%,55%,9.0,15.0,4.0,3.0,5.0,7.0,0.0,5.0,2.0,7.0,1.0,2.0,3.0,2.0,9.0,16.0,1.0,1.0,39%,61%,2.0,10.0,1.0,1.0,1.0,4.0,0.0,5.0,1.0,6.0,0.0,2.0,1.0,1.0,4.0,6.0,51%,49%,7.0,5.0,3.0,2.0,4.0,3.0,0.0,0.0,1.0,1.0,1.0,0.0,2.0,1.0,5.0,10.0,1.0,1.0,0.0,0.0,0.0,0.0,0.0,0.0,0.0,0.0,0.0,0.0,0.0,0.0,0,0,0.0,0.0,0.0,0.0,0.0,0.0,0.0,0.0,0.0,0.0,0.0,0.0,0.0,0.0,0.0,0.0,0.0,0.0,0.0,0.0,0.0,0.0,0.0,0.0,0.0,0.0
bundesliga-2016-2017-2017-03-05-Eintracht Frankfurt-Freiburg,bundesliga,home,Eintracht Frankfurt,Freiburg,05.03.2017,1,2,2016-2017,46%,54%,15.0,10.0,3.0,3.0,7.0,4.0,5.0,3.0,12.0,1.0,3.0,3.0,1.0,2.0,13.0,14.0,2.0,1.0,37%,63%,5.0,3.0,2.0,1.0,2.0,2.0,1.0,0.0,5.0,0.0,2.0,3.0,0.0,1.0,6.0,6.0,55%,45%,10.0,7.0,1.0,2.0,5.0,2.0,4.0,3.0,7.0,1.0,1.0,0.0,1.0,1.0,7.0,8.0,1.0,0.0,1.0,1.0,0.0,0.0,0.0,0.0,0.0,0.0,0.0,0.0,0.0,0.0,0,0,0.0,0.0,0.0,0.0,0.0,0.0,0.0,0.0,0.0,0.0,0.0,0.0,0.0,0.0,0.0,0.0,0.0,0.0,0.0,0.0,0.0,0.0,0.0,0.0,0.0,0.0
bundesliga-2016-2017-2017-03-05-Hamburger SV-Hertha Berlin,bundesliga,home,Hamburger SV,Hertha Berlin,05.03.2017,1,0,2016-2017,45%,55%,9.0,8.0,3.0,1.0,3.0,3.0,3.0,4.0,5.0,2.0,3.0,2.0,1.0,2.0,13.0,11.0,1.0,2.0,49%,51%,6.0,3.0,1.0,0.0,2.0,2.0,3.0,1.0,5.0,1.0,2.0,2.0,0.0,1.0,7.0,5.0,40%,60%,3.0,5.0,2.0,1.0,1.0,1.0,0.0,3.0,0.0,1.0,1.0,0.0,1.0,1.0,6.0,6.0,1.0,1.0,0.0,1.0,0.0,0.0,0.0,0.0,0.0,0.0,0.0,0.0,0.0,0.0,0,0,0.0,0.0,0.0,0.0,0.0,0.0,0.0,0.0,0.0,0.0,0.0,0.0,0.0,0.0,0.0,0.0,0.0,0.0,0.0,0.0,0.0,0.0,0.0,0.0,0.0,0.0
bundesliga-2016-2017-2017-03-10-Bayer Leverkusen-Werder Bremen,bundesliga,home,Bayer Leverkusen,Werder Bremen,10.03.2017,1,1,2016-2017,52%,48%,12.0,11.0,7.0,3.0,2.0,4.0,3.0,4.0,4.0,3.0,0.0,5.0,2.0,6.0,12.0,12.0,2.0,2.0,54%,46%,8.0,5.0,4.0,1.0,2.0,1.0,2.0,3.0,2.0,2.0,0.0,1.0,1.0,3.0,8.0,3.0,50%,50%,4.0,6.0,3.0,2.0,0.0,3.0,1.0,1.0,2.0,1.0,0.0,4.0,1.0,3.0,4.0,9.0,1.0,2.0,1.0,0.0,1.0,0.0,0.0,0.0,1.0,0.0,0.0,0.0,0.0,0.0,0,0,0.0,0.0,0.0,0.0,0.0,0.0,0.0,0.0,0.0,0.0,0.0,0.0,0.0,0.0,0.0,0.0,0.0,0.0,0.0,0.0,0.0,0.0,0.0,0.0,0.0,0.0
bundesliga-2016-2017-2017-03-11-Bayern Munich-Eintracht Frankfurt,bundesliga,home,Bayern Munich,Eintracht Frankfurt,11.03.2017,3,0,2016-2017,66%,34%,16.0,10.0,7.0,4.0,8.0,6.0,1.0,0.0,3.0,2.0,4.0,1.0,4.0,4.0,10.0,6.0,2.0,3.0,68%,32%,5.0,4.0,2.0,2.0,2.0,2.0,1.0,0.0,1.0,1.0,3.0,1.0,2.0,0.0,7.0,5.0,64%,36%,11.0,6.0,5.0,2.0,6.0,4.0,0.0,0.0,2.0,1.0,1.0,0.0,2.0,4.0,3.0,1.0,1.0,0.0,1.0,3.0,0.0,0.0,0.0,0.0,0.0,0.0,0.0,0.0,0.0,0.0,0,0,0.0,0.0,0.0,0.0,0.0,0.0,0.0,0.0,0.0,0.0,0.0,0.0,0.0,0.0,0.0,0.0,0.0,0.0,0.0,0.0,0.0,0.0,0.0,0.0,0.0,0.0
bundesliga-2016-2017-2017-03-11-Darmstadt-Mainz,bundesliga,home,Darmstadt,Mainz,11.03.2017,2,1,2016-2017,45%,55%,11.0,13.0,5.0,6.0,4.0,6.0,2.0,1.0,5.0,11.0,1.0,1.0,5.0,3.0,14.0,15.0,5.0,4.0,50%,50%,7.0,5.0,3.0,4.0,2.0,1.0,2.0,0.0,3.0,7.0,1.0,0.0,3.0,1.0,6.0,8.0,40%,60%,4.0,8.0,2.0,2.0,2.0,5.0,0.0,1.0,2.0,4.0,0.0,1.0,2.0,2.0,8.0,7.0,5.0,2.0,0.0,2.0,1.0,1.0,0.0,0.0,1.0,1.0,0.0,0.0,0.0,0.0,0,0,0.0,0.0,0.0,0.0,0.0,0.0,0.0,0.0,0.0,0.0,0.0,0.0,0.0,0.0,0.0,0.0,0.0,0.0,0.0,0.0,0.0,0.0,0.0,0.0,0.0,0.0
bundesliga-2016-2017-2017-03-11-Freiburg-Hoffenheim,bundesliga,home,Freiburg,Hoffenheim,11.03.2017,1,1,2016-2017,42%,58%,6.0,23.0,4.0,7.0,2.0,10.0,0.0,6.0,6.0,6.0,6.0,1.0,6.0,3.0,10.0,10.0,2.0,2.0,43%,57%,2.0,14.0,1.0,4.0,1.0,5.0,0.0,5.0,2.0,3.0,3.0,1.0,4.0,1.0,7.0,4.0,41%,59%,4.0,9.0,3.0,3.0,1.0,5.0,0.0,1.0,4.0,3.0,3.0,0.0,2.0,2.0,3.0,6.0,1.0,2.0,1.0,0.0,0.0,0.0,0.0,0.0,0.0,0.0,0.0,0.0,0.0,0.0,0,0,0.0,0.0,0.0,0.0,0.0,0.0,0.0,0.0,0.0,0.0,0.0,0.0,0.0,0.0,0.0,0.0,0.0,0.0,0.0,0.0,0.0,0.0,0.0,0.0,0.0,0.0
bundesliga-2016-2017-2017-03-11-Hertha Berlin-Dortmund,bundesliga,home,Hertha Berlin,Dortmund,11.03.2017,2,1,2016-2017,36%,64%,16.0,18.0,4.0,2.0,5.0,9.0,7.0,7.0,4.0,8.0,2.0,2.0,1.0,2.0,7.0,15.0,2.0,4.0,40%,60%,10.0,7.0,2.0,0.0,3.0,4.0,5.0,3.0,2.0,5.0,2.0,1.0,0.0,1.0,2.0,7.0,32%,68%,6.0,11.0,2.0,2.0,2.0,5.0,2.0,4.0,2.0,3.0,0.0,1.0,1.0,1.0,5.0,8.0,2.0,4.0,0.0,0.0,0.0,0.0,0.0,0.0,0.0,0.0,0.0,0.0,0.0,0.0,0,0,0.0,0.0,0.0,0.0,0.0,0.0,0.0,0.0,0.0,0.0,0.0,0.0,0.0,0.0,0.0,0.0,0.0,0.0,0.0,0.0,0.0,0.0,0.0,0.0,0.0,0.0
bundesliga-2016-2017-2017-03-11-Ingolstadt-FC Koln,bundesliga,home,Ingolstadt,FC Koln,11.03.2017,2,2,2016-2017,54%,46%,26.0,7.0,9.0,2.0,10.0,2.0,7.0,3.0,11.0,0.0,1.0,1.0,0.0,7.0,13.0,23.0,4.0,3.0,53%,47%,12.0,2.0,4.0,1.0,6.0,0.0,2.0,1.0,5.0,0.0,0.0,1.0,0.0,3.0,6.0,11.0,55%,45%,14.0,5.0,5.0,1.0,4.0,2.0,5.0,2.0,6.0,0.0,1.0,0.0,0.0,4.0,7.0,12.0,2.0,2.0,2.0,1.0,0.0,0.0,0.0,0.0,0.0,0.0,0.0,0.0,0.0,0.0,0,0,0.0,0.0,0.0,0.0,0.0,0.0,0.0,0.0,0.0,0.0,0.0,0.0,0.0,0.0,0.0,0.0,0.0,0.0,0.0,0.0,0.0,0.0,0.0,0.0,0.0,0.0
bundesliga-2016-2017-2017-03-11-RB Leipzig-Wolfsburg,bundesliga,home,RB Leipzig,Wolfsburg,11.03.2017,0,1,2016-2017,55%,45%,11.0,15.0,6.0,5.0,4.0,9.0,1.0,1.0,7.0,3.0,3.0,4.0,4.0,6.0,16.0,16.0,3.0,4.0,57%,43%,2.0,5.0,1.0,3.0,1.0,2.0,0.0,0.0,2.0,1.0,2.0,3.0,2.0,1.0,9.0,8.0,53%,47%,9.0,10.0,5.0,2.0,3.0,7.0,1.0,1.0,5.0,2.0,1.0,1.0,2.0,5.0,7.0,8.0,0.0,3.0,3.0,1.0,0.0,0.0,0.0,0.0,0.0,0.0,0.0,0.0,0.0,0.0,0,0,0.0,0.0,0.0,0.0,0.0,0.0,0.0,0.0,0.0,0.0,0.0,0.0,0.0,0.0,0.0,0.0,0.0,0.0,0.0,0.0,0.0,0.0,0.0,0.0,0.0,0.0
bundesliga-2016-2017-2017-03-12-Hamburger SV-B. Monchengladbach,bundesliga,home,Hamburger SV,B. Monchengladbach,12.03.2017,2,1,2016-2017,48%,52%,17.0,7.0,6.0,3.0,5.0,3.0,6.0,1.0,8.0,4.0,5.0,0.0,2.0,4.0,7.0,17.0,1.0,2.0,46%,54%,7.0,6.0,2.0,3.0,4.0,2.0,1.0,1.0,2.0,1.0,2.0,0.0,2.0,1.0,4.0,8.0,50%,50%,10.0,1.0,4.0,0.0,1.0,1.0,5.0,0.0,6.0,3.0,3.0,0.0,0.0,3.0,3.0,9.0,0.0,1.0,1.0,1.0,0.0,0.0,0.0,0.0,0.0,0.0,0.0,0.0,0.0,0.0,0,0,0.0,0.0,0.0,0.0,0.0,0.0,0.0,0.0,0.0,0.0,0.0,0.0,0.0,0.0,0.0,0.0,0.0,0.0,0.0,0.0,0.0,0.0,0.0,0.0,0.0,0.0
bundesliga-2016-2017-2017-03-12-Schalke-Augsburg,bundesliga,home,Schalke,Augsburg,12.03.2017,3,0,2016-2017,62%,38%,25.0,9.0,7.0,3.0,8.0,4.0,10.0,2.0,7.0,4.0,0.0,2.0,3.0,4.0,20.0,10.0,3.0,0.0,62%,38%,13.0,7.0,4.0,2.0,2.0,3.0,7.0,2.0,4.0,3.0,0.0,1.0,2.0,1.0,11.0,4.0,62%,38%,12.0,2.0,3.0,1.0,6.0,1.0,3.0,0.0,3.0,1.0,0.0,1.0,1.0,3.0,9.0,6.0,2.0,0.0,1.0,0.0,0.0,0.0,0.0,0.0,0.0,0.0,0.0,0.0,0.0,0.0,0,0,0.0,0.0,0.0,0.0,0.0,0.0,0.0,0.0,0.0,0.0,0.0,0.0,0.0,0.0,0.0,0.0,0.0,0.0,0.0,0.0,0.0,0.0,0.0,0.0,0.0,0.0
bundesliga-2016-2017-2017-03-17-Dortmund-Ingolstadt,bundesliga,home,Dortmund,Ingolstadt,17.03.2017,1,0,2016-2017,55%,45%,10.0,14.0,2.0,2.0,5.0,8.0,3.0,4.0,4.0,2.0,1.0,4.0,2.0,1.0,12.0,23.0,1.0,3.0,56%,44%,7.0,9.0,1.0,2.0,4.0,5.0,2.0,2.0,2.0,2.0,0.0,3.0,2.0,0.0,4.0,10.0,54%,46%,3.0,5.0,1.0,0.0,1.0,3.0,1.0,2.0,2.0,0.0,1.0,1.0,0.0,1.0,8.0,13.0,1.0,2.0,0.0,1.0,0.0,0.0,0.0,0.0,0.0,0.0,0.0,0.0,0.0,0.0,0,0,0.0,0.0,0.0,0.0,0.0,0.0,0.0,0.0,0.0,0.0,0.0,0.0,0.0,0.0,0.0,0.0,0.0,0.0,0.0,0.0,0.0,0.0,0.0,0.0,0.0,0.0
bundesliga-2016-2017-2017-03-18-Augsburg-Freiburg,bundesliga,home,Augsburg,Freiburg,18.03.2017,1,1,2016-2017,52%,48%,15.0,7.0,3.0,3.0,10.0,3.0,2.0,1.0,3.0,1.0,1.0,0.0,2.0,2.0,15.0,19.0,2.0,2.0,51%,49%,11.0,3.0,3.0,2.0,6.0,1.0,2.0,0.0,3.0,1.0,0.0,0.0,1.0,2.0,7.0,10.0,53%,47%,4.0,4.0,0.0,1.0,4.0,2.0,0.0,1.0,0.0,0.0,1.0,0.0,1.0,0.0,8.0,9.0,0.0,1.0,2.0,1.0,0.0,0.0,0.0,0.0,0.0,0.0,0.0,0.0,0.0,0.0,0,0,0.0,0.0,0.0,0.0,0.0,0.0,0.0,0.0,0.0,0.0,0.0,0.0,0.0,0.0,0.0,0.0,0.0,0.0,0.0,0.0,0.0,0.0,0.0,0.0,0.0,0.0
bundesliga-2016-2017-2017-03-18-Eintracht Frankfurt-Hamburger SV,bundesliga,home,Eintracht Frankfurt,Hamburger SV,18.03.2017,0,0,2016-2017,52%,48%,7.0,5.0,1.0,0.0,5.0,4.0,1.0,1.0,4.0,7.0,2.0,1.0,0.0,1.0,19.0,24.0,1.0,1.0,56%,44%,2.0,3.0,0.0,0.0,2.0,3.0,0.0,0.0,1.0,4.0,2.0,0.0,0.0,0.0,11.0,12.0,48%,52%,5.0,2.0,1.0,0.0,3.0,1.0,1.0,1.0,3.0,3.0,0.0,1.0,0.0,1.0,8.0,12.0,1.0,1.0,0.0,0.0,0.0,0.0,0.0,0.0,0.0,0.0,0.0,0.0,0.0,0.0,0,0,0.0,0.0,0.0,0.0,0.0,0.0,0.0,0.0,0.0,0.0,0.0,0.0,0.0,0.0,0.0,0.0,0.0,0.0,0.0,0.0,0.0,0.0,0.0,0.0,0.0,0.0
bundesliga-2016-2017-2017-03-18-FC Koln-Hertha Berlin,bundesliga,home,FC Koln,Hertha Berlin,18.03.2017,4,2,2016-2017,35%,65%,7.0,8.0,6.0,6.0,1.0,2.0,0.0,0.0,2.0,9.0,1.0,1.0,4.0,2.0,12.0,12.0,2.0,3.0,35%,65%,4.0,2.0,4.0,1.0,0.0,1.0,0.0,0.0,1.0,3.0,1.0,1.0,1.0,1.0,5.0,5.0,35%,65%,3.0,6.0,2.0,5.0,1.0,1.0,0.0,0.0,1.0,6.0,0.0,0.0,3.0,1.0,7.0,7.0,2.0,1.0,0.0,2.0,0.0,0.0,0.0,0.0,0.0,0.0,0.0,0.0,0.0,0.0,0,0,0.0,0.0,0.0,0.0,0.0,0.0,0.0,0.0,0.0,0.0,0.0,0.0,0.0,0.0,0.0,0.0,0.0,0.0,0.0,0.0,0.0,0.0,0.0,0.0,0.0,0.0
bundesliga-2016-2017-2017-03-18-Hoffenheim-Bayer Leverkusen,bundesliga,home,Hoffenheim,Bayer Leverkusen,18.03.2017,1,0,2016-2017,61%,39%,14.0,16.0,5.0,7.0,6.0,5.0,3.0,4.0,2.0,7.0,0.0,3.0,7.0,4.0,9.0,12.0,1.0,1.0,57%,43%,9.0,12.0,4.0,5.0,3.0,3.0,2.0,4.0,2.0,6.0,0.0,2.0,5.0,4.0,5.0,4.0,65%,35%,5.0,4.0,1.0,2.0,3.0,2.0,1.0,0.0,0.0,1.0,0.0,1.0,2.0,0.0,4.0,8.0,0.0,0.0,1.0,1.0,0.0,0.0,0.0,0.0,0.0,0.0,0.0,0.0,0.0,0.0,0,0,0.0,0.0,0.0,0.0,0.0,0.0,0.0,0.0,0.0,0.0,0.0,0.0,0.0,0.0,0.0,0.0,0.0,0.0,0.0,0.0,0.0,0.0,0.0,0.0,0.0,0.0
bundesliga-2016-2017-2017-03-18-Werder Bremen-RB Leipzig,bundesliga,home,Werder Bremen,RB Leipzig,18.03.2017,3,0,2016-2017,46%,54%,9.0,7.0,4.0,2.0,0.0,5.0,5.0,0.0,4.0,5.0,1.0,4.0,2.0,1.0,11.0,17.0,2.0,1.0,49%,51%,4.0,4.0,1.0,1.0,0.0,3.0,3.0,0.0,1.0,3.0,1.0,2.0,1.0,0.0,3.0,8.0,43%,57%,5.0,3.0,3.0,1.0,0.0,2.0,2.0,0.0,3.0,2.0,0.0,2.0,1.0,1.0,8.0,9.0,2.0,1.0,0.0,0.0,0.0,0.0,0.0,0.0,0.0,0.0,0.0,0.0,0.0,0.0,0,0,0.0,0.0,0.0,0.0,0.0,0.0,0.0,0.0,0.0,0.0,0.0,0.0,0.0,0.0,0.0,0.0,0.0,0.0,0.0,0.0,0.0,0.0,0.0,0.0,0.0,0.0
bundesliga-2016-2017-2017-03-18-Wolfsburg-Darmstadt,bundesliga,home,Wolfsburg,Darmstadt,18.03.2017,1,0,2016-2017,56%,44%,18.0,6.0,4.0,1.0,12.0,2.0,2.0,3.0,6.0,4.0,0.0,1.0,1.0,3.0,15.0,13.0,2.0,3.0,60%,40%,10.0,0.0,1.0,0.0,7.0,0.0,2.0,0.0,5.0,1.0,0.0,1.0,0.0,0.0,5.0,3.0,52%,48%,8.0,6.0,3.0,1.0,5.0,2.0,0.0,3.0,1.0,3.0,0.0,0.0,1.0,3.0,10.0,10.0,2.0,3.0,0.0,0.0,0.0,0.0,0.0,0.0,0.0,0.0,0.0,0.0,0.0,0.0,0,0,0.0,0.0,0.0,0.0,0.0,0.0,0.0,0.0,0.0,0.0,0.0,0.0,0.0,0.0,0.0,0.0,0.0,0.0,0.0,0.0,0.0,0.0,0.0,0.0,0.0,0.0
bundesliga-2016-2017-2017-03-19-B. Monchengladbach-Bayern Munich,bundesliga,home,B. Monchengladbach,Bayern Munich,19.03.2017,0,1,2016-2017,31%,69%,14.0,19.0,1.0,6.0,6.0,10.0,7.0,3.0,5.0,4.0,2.0,4.0,5.0,1.0,5.0,11.0,0.0,2.0,31%,69%,4.0,11.0,0.0,4.0,2.0,5.0,2.0,2.0,2.0,2.0,2.0,3.0,4.0,0.0,0.0,5.0,31%,69%,10.0,8.0,1.0,2.0,4.0,5.0,5.0,1.0,3.0,2.0,0.0,1.0,1.0,1.0,5.0,6.0,0.0,2.0,0.0,0.0,0.0,0.0,0.0,0.0,0.0,0.0,0.0,0.0,0.0,0.0,0,0,0.0,0.0,0.0,0.0,0.0,0.0,0.0,0.0,0.0,0.0,0.0,0.0,0.0,0.0,0.0,0.0,0.0,0.0,0.0,0.0,0.0,0.0,0.0,0.0,0.0,0.0
bundesliga-2016-2017-2017-03-19-Mainz-Schalke,bundesliga,home,Mainz,Schalke,19.03.2017,0,1,2016-2017,49%,51%,18.0,9.0,5.0,5.0,9.0,4.0,4.0,0.0,10.0,4.0,2.0,0.0,4.0,5.0,10.0,14.0,2.0,4.0,43%,57%,8.0,3.0,4.0,1.0,3.0,2.0,1.0,0.0,6.0,1.0,1.0,0.0,1.0,4.0,4.0,10.0,55%,45%,10.0,6.0,1.0,4.0,6.0,2.0,3.0,0.0,4.0,3.0,1.0,0.0,3.0,1.0,6.0,4.0,1.0,3.0,1.0,1.0,0.0,0.0,0.0,0.0,0.0,0.0,12.0,18.0,12.0,18.0,0,0,0.0,0.0,0.0,0.0,0.0,0.0,0.0,0.0,0.0,0.0,0.0,0.0,0.0,0.0,0.0,0.0,0.0,0.0,0.0,0.0,0.0,0.0,0.0,0.0,0.0,0.0
bundesliga-2016-2017-2017-03-31-Hertha Berlin-Hoffenheim,bundesliga,home,Hertha Berlin,Hoffenheim,31.03.2017,1,3,2016-2017,36%,64%,5.0,28.0,3.0,8.0,2.0,14.0,0.0,6.0,0.0,8.0,1.0,1.0,5.0,2.0,16.0,13.0,4.0,1.0,36%,64%,5.0,28.0,3.0,8.0,2.0,14.0,0.0,6.0,0.0,8.0,1.0,1.0,0.0,0.0,16.0,13.0,0,0,0.0,0.0,0.0,0.0,0.0,0.0,0.0,0.0,0.0,0.0,0.0,0.0,0.0,0.0,0.0,0.0,0.0,0.0,4.0,1.0,1.0,0.0,1.0,0.0,0.0,0.0,0.0,0.0,0.0,0.0,0,0,0.0,0.0,0.0,0.0,0.0,0.0,0.0,0.0,0.0,0.0,0.0,0.0,0.0,0.0,0.0,0.0,0.0,0.0,0.0,0.0,0.0,0.0,0.0,0.0,0.0,0.0
bundesliga-2016-2017-2017-04-01-Bayern Munich-Augsburg,bundesliga,home,Bayern Munich,Augsburg,01.04.2017,6,0,2016-2017,69%,31%,21.0,6.0,8.0,2.0,7.0,3.0,6.0,1.0,5.0,1.0,3.0,1.0,2.0,2.0,6.0,8.0,0.0,2.0,72%,28%,11.0,2.0,3.0,2.0,6.0,0.0,2.0,0.0,2.0,0.0,1.0,0.0,2.0,1.0,3.0,6.0,66%,34%,10.0,4.0,5.0,0.0,1.0,3.0,4.0,1.0,3.0,1.0,2.0,1.0,0.0,1.0,3.0,2.0,0.0,1.0,0.0,1.0,0.0,0.0,0.0,0.0,0.0,0.0,0.0,0.0,0.0,0.0,0,0,0.0,0.0,0.0,0.0,0.0,0.0,0.0,0.0,0.0,0.0,0.0,0.0,0.0,0.0,0.0,0.0,0.0,0.0,0.0,0.0,0.0,0.0,0.0,0.0,0.0,0.0
bundesliga-2016-2017-2017-04-01-Eintracht Frankfurt-B. Monchengladbach,bundesliga,home,Eintracht Frankfurt,B. Monchengladbach,01.04.2017,0,0,2016-2017,59%,41%,15.0,6.0,4.0,1.0,6.0,3.0,5.0,2.0,10.0,1.0,1.0,2.0,1.0,4.0,13.0,11.0,4.0,4.0,58%,42%,9.0,1.0,1.0,1.0,5.0,0.0,3.0,0.0,5.0,0.0,1.0,2.0,1.0,1.0,7.0,5.0,60%,40%,6.0,5.0,3.0,0.0,1.0,3.0,2.0,2.0,5.0,1.0,0.0,0.0,0.0,3.0,6.0,6.0,2.0,4.0,2.0,0.0,0.0,1.0,0.0,0.0,0.0,1.0,0.0,0.0,0.0,0.0,0,0,0.0,0.0,0.0,0.0,0.0,0.0,0.0,0.0,0.0,0.0,0.0,0.0,0.0,0.0,0.0,0.0,0.0,0.0,0.0,0.0,0.0,0.0,0.0,0.0,0.0,0.0
bundesliga-2016-2017-2017-04-01-Freiburg-Werder Bremen,bundesliga,home,Freiburg,Werder Bremen,01.04.2017,2,5,2016-2017,63%,37%,13.0,11.0,4.0,6.0,7.0,3.0,2.0,2.0,5.0,5.0,1.0,2.0,1.0,2.0,9.0,14.0,2.0,1.0,57%,43%,5.0,5.0,1.0,2.0,3.0,2.0,1.0,1.0,2.0,1.0,1.0,1.0,0.0,1.0,6.0,9.0,69%,31%,8.0,6.0,3.0,4.0,4.0,1.0,1.0,1.0,3.0,4.0,0.0,1.0,1.0,1.0,3.0,5.0,1.0,1.0,1.0,0.0,0.0,0.0,0.0,0.0,0.0,0.0,0.0,0.0,0.0,0.0,0,0,0.0,0.0,0.0,0.0,0.0,0.0,0.0,0.0,0.0,0.0,0.0,0.0,0.0,0.0,0.0,0.0,0.0,0.0,0.0,0.0,0.0,0.0,0.0,0.0,0.0,0.0
bundesliga-2016-2017-2017-04-01-Hamburger SV-FC Koln,bundesliga,home,Hamburger SV,FC Koln,01.04.2017,2,1,2016-2017,52%,48%,14.0,7.0,4.0,1.0,7.0,5.0,3.0,1.0,5.0,1.0,4.0,2.0,0.0,2.0,19.0,13.0,2.0,3.0,48%,52%,7.0,7.0,2.0,1.0,4.0,5.0,1.0,1.0,3.0,1.0,1.0,1.0,0.0,1.0,6.0,5.0,56%,44%,7.0,0.0,2.0,0.0,3.0,0.0,2.0,0.0,2.0,0.0,3.0,1.0,0.0,1.0,13.0,8.0,2.0,1.0,0.0,2.0,0.0,0.0,0.0,0.0,0.0,0.0,0.0,0.0,0.0,0.0,0,0,0.0,0.0,0.0,0.0,0.0,0.0,0.0,0.0,0.0,0.0,0.0,0.0,0.0,0.0,0.0,0.0,0.0,0.0,0.0,0.0,0.0,0.0,0.0,0.0,0.0,0.0
bundesliga-2016-2017-2017-04-01-RB Leipzig-Darmstadt,bundesliga,home,RB Leipzig,Darmstadt,01.04.2017,4,0,2016-2017,60%,40%,25.0,11.0,10.0,1.0,8.0,8.0,7.0,2.0,10.0,4.0,3.0,2.0,1.0,6.0,11.0,15.0,1.0,4.0,56%,44%,13.0,9.0,4.0,0.0,3.0,7.0,6.0,2.0,5.0,3.0,3.0,0.0,0.0,3.0,7.0,7.0,64%,36%,12.0,2.0,6.0,1.0,5.0,1.0,1.0,0.0,5.0,1.0,0.0,2.0,1.0,3.0,4.0,8.0,0.0,4.0,1.0,0.0,0.0,1.0,0.0,0.0,0.0,1.0,0.0,0.0,0.0,0.0,0,0,0.0,0.0,0.0,0.0,0.0,0.0,0.0,0.0,0.0,0.0,0.0,0.0,0.0,0.0,0.0,0.0,0.0,0.0,0.0,0.0,0.0,0.0,0.0,0.0,0.0,0.0
bundesliga-2016-2017-2017-04-01-Schalke-Dortmund,bundesliga,home,Schalke,Dortmund,01.04.2017,1,1,2016-2017,48%,52%,9.0,7.0,3.0,2.0,2.0,3.0,4.0,2.0,9.0,4.0,6.0,2.0,1.0,2.0,13.0,17.0,1.0,2.0,41%,59%,3.0,5.0,0.0,1.0,2.0,2.0,1.0,2.0,3.0,3.0,2.0,1.0,1.0,0.0,5.0,9.0,55%,45%,6.0,2.0,3.0,1.0,0.0,1.0,3.0,0.0,6.0,1.0,4.0,1.0,0.0,2.0,8.0,8.0,1.0,2.0,0.0,0.0,0.0,0.0,0.0,0.0,0.0,0.0,0.0,0.0,0.0,0.0,0,0,0.0,0.0,0.0,0.0,0.0,0.0,0.0,0.0,0.0,0.0,0.0,0.0,0.0,0.0,0.0,0.0,0.0,0.0,0.0,0.0,0.0,0.0,0.0,0.0,0.0,0.0
bundesliga-2016-2017-2017-04-02-Bayer Leverkusen-Wolfsburg,bundesliga,home,Bayer Leverkusen,Wolfsburg,02.04.2017,3,3,2016-2017,43%,57%,8.0,18.0,5.0,9.0,1.0,7.0,2.0,2.0,2.0,10.0,1.0,1.0,6.0,2.0,17.0,14.0,1.0,2.0,47%,53%,3.0,6.0,2.0,3.0,1.0,2.0,0.0,1.0,0.0,6.0,1.0,0.0,3.0,1.0,8.0,7.0,39%,61%,5.0,12.0,3.0,6.0,0.0,5.0,2.0,1.0,2.0,4.0,0.0,1.0,3.0,1.0,9.0,7.0,1.0,1.0,0.0,1.0,0.0,0.0,0.0,0.0,0.0,0.0,0.0,0.0,0.0,0.0,0,0,0.0,0.0,0.0,0.0,0.0,0.0,0.0,0.0,0.0,0.0,0.0,0.0,0.0,0.0,0.0,0.0,0.0,0.0,0.0,0.0,0.0,0.0,0.0,0.0,0.0,0.0
bundesliga-2016-2017-2017-04-02-Ingolstadt-Mainz,bundesliga,home,Ingolstadt,Mainz,02.04.2017,2,1,2016-2017,45%,55%,12.0,11.0,5.0,2.0,4.0,6.0,3.0,3.0,4.0,4.0,3.0,3.0,1.0,3.0,25.0,25.0,4.0,3.0,49%,51%,8.0,1.0,3.0,0.0,3.0,1.0,2.0,0.0,4.0,0.0,1.0,2.0,0.0,2.0,13.0,14.0,40%,60%,4.0,10.0,2.0,2.0,1.0,5.0,1.0,3.0,0.0,4.0,2.0,1.0,1.0,1.0,12.0,11.0,4.0,2.0,0.0,1.0,0.0,0.0,0.0,0.0,0.0,0.0,0.0,0.0,0.0,0.0,0,0,0.0,0.0,0.0,0.0,0.0,0.0,0.0,0.0,0.0,0.0,0.0,0.0,0.0,0.0,0.0,0.0,0.0,0.0,0.0,0.0,0.0,0.0,0.0,0.0,0.0,0.0
bundesliga-2016-2017-2017-04-04-Dortmund-Hamburger SV,bundesliga,home,Dortmund,Hamburger SV,04.04.2017,3,0,2016-2017,58%,42%,17.0,16.0,10.0,6.0,3.0,9.0,4.0,1.0,6.0,4.0,1.0,2.0,6.0,7.0,6.0,10.0,1.0,3.0,65%,35%,6.0,8.0,5.0,3.0,1.0,4.0,0.0,1.0,3.0,1.0,1.0,0.0,3.0,4.0,3.0,5.0,51%,49%,11.0,8.0,5.0,3.0,2.0,5.0,4.0,0.0,3.0,3.0,0.0,2.0,3.0,3.0,3.0,5.0,0.0,2.0,1.0,1.0,0.0,0.0,0.0,0.0,0.0,0.0,0.0,0.0,0.0,0.0,0,0,0.0,0.0,0.0,0.0,0.0,0.0,0.0,0.0,0.0,0.0,0.0,0.0,0.0,0.0,0.0,0.0,0.0,0.0,0.0,0.0,0.0,0.0,0.0,0.0,0.0,0.0
bundesliga-2016-2017-2017-04-04-FC Koln-Eintracht Frankfurt,bundesliga,home,FC Koln,Eintracht Frankfurt,04.04.2017,1,0,2016-2017,40%,60%,5.0,11.0,1.0,2.0,3.0,6.0,1.0,3.0,0.0,5.0,4.0,1.0,2.0,0.0,11.0,18.0,0.0,2.0,38%,62%,4.0,8.0,0.0,1.0,3.0,5.0,1.0,2.0,0.0,3.0,0.0,1.0,1.0,0.0,6.0,7.0,42%,58%,1.0,3.0,1.0,1.0,0.0,1.0,0.0,1.0,0.0,2.0,4.0,0.0,1.0,0.0,5.0,11.0,0.0,2.0,0.0,0.0,0.0,0.0,0.0,0.0,0.0,0.0,0.0,0.0,0.0,0.0,0,0,0.0,0.0,0.0,0.0,0.0,0.0,0.0,0.0,0.0,0.0,0.0,0.0,0.0,0.0,0.0,0.0,0.0,0.0,0.0,0.0,0.0,0.0,0.0,0.0,0.0,0.0
bundesliga-2016-2017-2017-04-04-Hoffenheim-Bayern Munich,bundesliga,home,Hoffenheim,Bayern Munich,04.04.2017,1,0,2016-2017,36%,64%,14.0,21.0,4.0,6.0,5.0,8.0,5.0,7.0,7.0,9.0,4.0,1.0,6.0,3.0,17.0,10.0,0.0,1.0,47%,53%,11.0,8.0,4.0,1.0,3.0,4.0,4.0,3.0,7.0,2.0,3.0,0.0,1.0,3.0,6.0,4.0,25%,75%,3.0,13.0,0.0,5.0,2.0,4.0,1.0,4.0,0.0,7.0,1.0,1.0,5.0,0.0,11.0,6.0,0.0,1.0,0.0,0.0,0.0,0.0,0.0,0.0,0.0,0.0,0.0,0.0,0.0,0.0,0,0,0.0,0.0,0.0,0.0,0.0,0.0,0.0,0.0,0.0,0.0,0.0,0.0,0.0,0.0,0.0,0.0,0.0,0.0,0.0,0.0,0.0,0.0,0.0,0.0,0.0,0.0
bundesliga-2016-2017-2017-04-04-Werder Bremen-Schalke,bundesliga,home,Werder Bremen,Schalke,04.04.2017,3,0,2016-2017,40%,60%,11.0,14.0,6.0,3.0,2.0,7.0,3.0,4.0,4.0,3.0,0.0,2.0,3.0,3.0,8.0,18.0,0.0,2.0,38%,62%,6.0,7.0,3.0,2.0,0.0,4.0,3.0,1.0,3.0,1.0,0.0,1.0,2.0,2.0,3.0,7.0,0%,0%,0.0,0.0,0.0,0.0,0.0,0.0,0.0,0.0,0.0,0.0,0.0,0.0,0.0,0.0,0.0,0.0,0.0,0.0,0.0,0.0,0.0,0.0,0.0,0.0,0.0,0.0,0.0,0.0,0.0,0.0,42%,58%,5.0,7.0,3.0,1.0,2.0,3.0,0.0,3.0,1.0,2.0,0.0,1.0,1.0,1.0,5.0,11.0,0.0,2.0,0.0,0.0,0.0,0.0,0.0,0.0,0.0,0.0
bundesliga-2016-2017-2017-04-05-Augsburg-Ingolstadt,bundesliga,home,Augsburg,Ingolstadt,05.04.2017,2,3,2016-2017,54%,46%,13.0,13.0,5.0,6.0,6.0,6.0,2.0,1.0,3.0,5.0,7.0,4.0,3.0,3.0,15.0,13.0,3.0,2.0,53%,47%,4.0,6.0,2.0,3.0,2.0,3.0,0.0,0.0,1.0,1.0,4.0,3.0,1.0,2.0,9.0,9.0,55%,45%,9.0,7.0,3.0,3.0,4.0,3.0,2.0,1.0,2.0,4.0,3.0,1.0,2.0,1.0,6.0,4.0,2.0,2.0,1.0,0.0,0.0,0.0,0.0,0.0,0.0,0.0,0.0,0.0,0.0,0.0,0,0,0.0,0.0,0.0,0.0,0.0,0.0,0.0,0.0,0.0,0.0,0.0,0.0,0.0,0.0,0.0,0.0,0.0,0.0,0.0,0.0,0.0,0.0,0.0,0.0,0.0,0.0
bundesliga-2016-2017-2017-04-05-B. Monchengladbach-Hertha Berlin,bundesliga,home,B. Monchengladbach,Hertha Berlin,05.04.2017,1,0,2016-2017,58%,42%,22.0,12.0,7.0,2.0,10.0,7.0,5.0,3.0,8.0,4.0,0.0,2.0,2.0,6.0,12.0,12.0,1.0,1.0,55%,45%,8.0,7.0,2.0,1.0,4.0,4.0,2.0,2.0,3.0,3.0,0.0,1.0,1.0,1.0,6.0,4.0,61%,39%,14.0,5.0,5.0,1.0,6.0,3.0,3.0,1.0,5.0,1.0,0.0,1.0,1.0,5.0,6.0,8.0,1.0,1.0,0.0,0.0,0.0,0.0,0.0,0.0,0.0,0.0,0.0,0.0,0.0,0.0,0,0,0.0,0.0,0.0,0.0,0.0,0.0,0.0,0.0,0.0,0.0,0.0,0.0,0.0,0.0,0.0,0.0,0.0,0.0,0.0,0.0,0.0,0.0,0.0,0.0,0.0,0.0
bundesliga-2016-2017-2017-04-05-Darmstadt-Bayer Leverkusen,bundesliga,home,Darmstadt,Bayer Leverkusen,05.04.2017,0,2,2016-2017,43%,57%,13.0,14.0,2.0,7.0,10.0,3.0,1.0,4.0,3.0,8.0,4.0,1.0,5.0,2.0,10.0,12.0,0.0,2.0,40%,60%,5.0,4.0,0.0,2.0,5.0,0.0,0.0,2.0,2.0,5.0,2.0,1.0,1.0,0.0,7.0,5.0,47%,53%,8.0,10.0,2.0,5.0,5.0,3.0,1.0,2.0,1.0,3.0,2.0,0.0,4.0,2.0,3.0,7.0,0.0,0.0,0.0,2.0,0.0,0.0,0.0,0.0,0.0,0.0,0.0,0.0,0.0,0.0,0,0,0.0,0.0,0.0,0.0,0.0,0.0,0.0,0.0,0.0,0.0,0.0,0.0,0.0,0.0,0.0,0.0,0.0,0.0,0.0,0.0,0.0,0.0,0.0,0.0,0.0,0.0
bundesliga-2016-2017-2017-04-05-Mainz-RB Leipzig,bundesliga,home,Mainz,RB Leipzig,05.04.2017,2,3,2016-2017,45%,55%,18.0,15.0,3.0,7.0,10.0,6.0,5.0,2.0,8.0,3.0,3.0,2.0,4.0,1.0,15.0,19.0,6.0,4.0,42%,58%,7.0,6.0,1.0,3.0,3.0,3.0,3.0,0.0,5.0,2.0,1.0,1.0,3.0,1.0,7.0,9.0,48%,52%,11.0,9.0,2.0,4.0,7.0,3.0,2.0,2.0,3.0,1.0,2.0,1.0,1.0,0.0,8.0,10.0,6.0,3.0,0.0,1.0,1.0,0.0,0.0,0.0,1.0,0.0,0.0,0.0,0.0,0.0,0,0,0.0,0.0,0.0,0.0,0.0,0.0,0.0,0.0,0.0,0.0,0.0,0.0,0.0,0.0,0.0,0.0,0.0,0.0,0.0,0.0,0.0,0.0,0.0,0.0,0.0,0.0
bundesliga-2016-2017-2017-04-05-Wolfsburg-Freiburg,bundesliga,home,Wolfsburg,Freiburg,05.04.2017,0,1,2016-2017,61%,39%,17.0,16.0,4.0,5.0,11.0,7.0,2.0,4.0,6.0,3.0,4.0,2.0,4.0,4.0,11.0,14.0,0.0,1.0,63%,37%,11.0,4.0,3.0,1.0,7.0,2.0,1.0,1.0,4.0,0.0,1.0,1.0,1.0,3.0,4.0,8.0,57%,43%,6.0,12.0,1.0,4.0,4.0,5.0,1.0,3.0,2.0,3.0,3.0,1.0,3.0,1.0,7.0,6.0,0.0,1.0,0.0,0.0,0.0,0.0,0.0,0.0,0.0,0.0,0.0,0.0,0.0,0.0,0,0,0.0,0.0,0.0,0.0,0.0,0.0,0.0,0.0,0.0,0.0,0.0,0.0,0.0,0.0,0.0,0.0,0.0,0.0,0.0,0.0,0.0,0.0,0.0,0.0,0.0,0.0
bundesliga-2016-2017-2017-04-07-Eintracht Frankfurt-Werder Bremen,bundesliga,home,Eintracht Frankfurt,Werder Bremen,07.04.2017,2,2,2016-2017,58%,42%,16.0,8.0,7.0,4.0,8.0,1.0,1.0,3.0,4.0,1.0,2.0,3.0,2.0,5.0,19.0,8.0,2.0,2.0,56%,44%,8.0,4.0,4.0,3.0,4.0,0.0,0.0,1.0,2.0,0.0,0.0,2.0,1.0,4.0,7.0,2.0,60%,40%,8.0,4.0,3.0,1.0,4.0,1.0,1.0,2.0,2.0,1.0,2.0,1.0,1.0,1.0,12.0,6.0,2.0,1.0,0.0,1.0,0.0,0.0,0.0,0.0,0.0,0.0,0.0,0.0,0.0,0.0,0,0,0.0,0.0,0.0,0.0,0.0,0.0,0.0,0.0,0.0,0.0,0.0,0.0,0.0,0.0,0.0,0.0,0.0,0.0,0.0,0.0,0.0,0.0,0.0,0.0,0.0,0.0
bundesliga-2016-2017-2017-04-08-Bayern Munich-Dortmund,bundesliga,home,Bayern Munich,Dortmund,08.04.2017,4,1,2016-2017,67%,33%,18.0,9.0,6.0,3.0,9.0,5.0,3.0,1.0,6.0,3.0,2.0,0.0,2.0,2.0,13.0,10.0,2.0,3.0,60%,40%,11.0,5.0,4.0,1.0,5.0,3.0,2.0,1.0,3.0,2.0,0.0,0.0,0.0,2.0,8.0,5.0,74%,26%,7.0,4.0,2.0,2.0,4.0,2.0,1.0,0.0,3.0,1.0,2.0,0.0,2.0,0.0,5.0,5.0,1.0,1.0,1.0,2.0,0.0,0.0,0.0,0.0,0.0,0.0,0.0,0.0,0.0,0.0,0,0,0.0,0.0,0.0,0.0,0.0,0.0,0.0,0.0,0.0,0.0,0.0,0.0,0.0,0.0,0.0,0.0,0.0,0.0,0.0,0.0,0.0,0.0,0.0,0.0,0.0,0.0
bundesliga-2016-2017-2017-04-08-FC Koln-B. Monchengladbach,bundesliga,home,FC Koln,B. Monchengladbach,08.04.2017,2,3,2016-2017,32%,68%,9.0,16.0,2.0,7.0,6.0,6.0,1.0,3.0,5.0,6.0,2.0,3.0,4.0,0.0,16.0,10.0,2.0,2.0,27%,73%,5.0,8.0,1.0,2.0,3.0,4.0,1.0,2.0,2.0,5.0,2.0,2.0,1.0,0.0,5.0,4.0,37%,63%,4.0,8.0,1.0,5.0,3.0,2.0,0.0,1.0,3.0,1.0,0.0,1.0,3.0,0.0,11.0,6.0,2.0,2.0,0.0,0.0,0.0,0.0,0.0,0.0,0.0,0.0,0.0,0.0,0.0,0.0,0,0,0.0,0.0,0.0,0.0,0.0,0.0,0.0,0.0,0.0,0.0,0.0,0.0,0.0,0.0,0.0,0.0,0.0,0.0,0.0,0.0,0.0,0.0,0.0,0.0,0.0,0.0
bundesliga-2016-2017-2017-04-08-Freiburg-Mainz,bundesliga,home,Freiburg,Mainz,08.04.2017,1,0,2016-2017,44%,56%,7.0,10.0,3.0,3.0,3.0,5.0,1.0,2.0,1.0,6.0,2.0,4.0,3.0,2.0,13.0,14.0,0.0,3.0,46%,54%,3.0,3.0,1.0,0.0,1.0,2.0,1.0,1.0,1.0,3.0,0.0,2.0,0.0,1.0,5.0,6.0,42%,58%,4.0,7.0,2.0,3.0,2.0,3.0,0.0,1.0,0.0,3.0,2.0,2.0,3.0,1.0,8.0,8.0,0.0,2.0,0.0,1.0,0.0,0.0,0.0,0.0,0.0,0.0,0.0,0.0,0.0,0.0,0,0,0.0,0.0,0.0,0.0,0.0,0.0,0.0,0.0,0.0,0.0,0.0,0.0,0.0,0.0,0.0,0.0,0.0,0.0,0.0,0.0,0.0,0.0,0.0,0.0,0.0,0.0
bundesliga-2016-2017-2017-04-08-Hamburger SV-Hoffenheim,bundesliga,home,Hamburger SV,Hoffenheim,08.04.2017,2,1,2016-2017,44%,56%,11.0,12.0,5.0,4.0,4.0,6.0,2.0,2.0,8.0,4.0,2.0,2.0,3.0,3.0,21.0,21.0,4.0,4.0,45%,55%,5.0,4.0,3.0,2.0,2.0,2.0,0.0,0.0,3.0,0.0,2.0,0.0,1.0,2.0,9.0,8.0,43%,57%,6.0,8.0,2.0,2.0,2.0,4.0,2.0,2.0,5.0,4.0,0.0,2.0,2.0,1.0,12.0,13.0,3.0,2.0,1.0,2.0,0.0,0.0,0.0,0.0,0.0,0.0,0.0,0.0,0.0,0.0,0,0,0.0,0.0,0.0,0.0,0.0,0.0,0.0,0.0,0.0,0.0,0.0,0.0,0.0,0.0,0.0,0.0,0.0,0.0,0.0,0.0,0.0,0.0,0.0,0.0,0.0,0.0
bundesliga-2016-2017-2017-04-08-RB Leipzig-Bayer Leverkusen,bundesliga,home,RB Leipzig,Bayer Leverkusen,08.04.2017,1,0,2016-2017,53%,47%,14.0,14.0,5.0,3.0,6.0,8.0,3.0,3.0,8.0,2.0,1.0,3.0,3.0,4.0,13.0,11.0,2.0,1.0,54%,46%,8.0,6.0,3.0,0.0,3.0,5.0,2.0,1.0,4.0,1.0,1.0,2.0,0.0,3.0,4.0,7.0,52%,48%,6.0,8.0,2.0,3.0,3.0,3.0,1.0,2.0,4.0,1.0,0.0,1.0,3.0,1.0,9.0,4.0,1.0,1.0,1.0,0.0,1.0,0.0,0.0,0.0,1.0,0.0,0.0,0.0,0.0,0.0,0,0,0.0,0.0,0.0,0.0,0.0,0.0,0.0,0.0,0.0,0.0,0.0,0.0,0.0,0.0,0.0,0.0,0.0,0.0,0.0,0.0,0.0,0.0,0.0,0.0,0.0,0.0
bundesliga-2016-2017-2017-04-08-Schalke-Wolfsburg,bundesliga,home,Schalke,Wolfsburg,08.04.2017,4,1,2016-2017,54%,46%,12.0,18.0,7.0,1.0,1.0,9.0,4.0,8.0,5.0,1.0,1.0,3.0,0.0,3.0,17.0,9.0,1.0,2.0,52%,48%,7.0,8.0,5.0,0.0,0.0,4.0,2.0,4.0,2.0,0.0,0.0,2.0,0.0,3.0,11.0,4.0,56%,44%,5.0,10.0,2.0,1.0,1.0,5.0,2.0,4.0,3.0,1.0,1.0,1.0,0.0,0.0,6.0,5.0,1.0,1.0,0.0,1.0,0.0,0.0,0.0,0.0,0.0,0.0,0.0,0.0,0.0,0.0,0,0,0.0,0.0,0.0,0.0,0.0,0.0,0.0,0.0,0.0,0.0,0.0,0.0,0.0,0.0,0.0,0.0,0.0,0.0,0.0,0.0,0.0,0.0,0.0,0.0,0.0,0.0
bundesliga-2016-2017-2017-04-09-Hertha Berlin-Augsburg,bundesliga,home,Hertha Berlin,Augsburg,09.04.2017,2,0,2016-2017,54%,46%,18.0,5.0,8.0,0.0,6.0,3.0,4.0,2.0,7.0,0.0,3.0,2.0,0.0,6.0,17.0,20.0,1.0,2.0,59%,41%,9.0,0.0,5.0,0.0,2.0,0.0,2.0,0.0,2.0,0.0,1.0,2.0,0.0,3.0,11.0,11.0,49%,51%,9.0,5.0,3.0,0.0,4.0,3.0,2.0,2.0,5.0,0.0,2.0,0.0,0.0,3.0,6.0,9.0,1.0,1.0,0.0,1.0,0.0,0.0,0.0,0.0,0.0,0.0,0.0,0.0,0.0,0.0,0,0,0.0,0.0,0.0,0.0,0.0,0.0,0.0,0.0,0.0,0.0,0.0,0.0,0.0,0.0,0.0,0.0,0.0,0.0,0.0,0.0,0.0,0.0,0.0,0.0,0.0,0.0
bundesliga-2016-2017-2017-04-09-Ingolstadt-Darmstadt,bundesliga,home,Ingolstadt,Darmstadt,09.04.2017,3,2,2016-2017,56%,44%,23.0,10.0,10.0,5.0,5.0,3.0,8.0,2.0,5.0,2.0,2.0,6.0,3.0,7.0,12.0,11.0,1.0,2.0,57%,43%,15.0,3.0,5.0,3.0,4.0,0.0,6.0,0.0,4.0,0.0,2.0,3.0,1.0,4.0,6.0,3.0,55%,45%,8.0,7.0,5.0,2.0,1.0,3.0,2.0,2.0,1.0,2.0,0.0,3.0,2.0,3.0,6.0,8.0,1.0,2.0,0.0,0.0,1.0,1.0,0.0,0.0,1.0,1.0,0.0,0.0,0.0,0.0,0,0,0.0,0.0,0.0,0.0,0.0,0.0,0.0,0.0,0.0,0.0,0.0,0.0,0.0,0.0,0.0,0.0,0.0,0.0,0.0,0.0,0.0,0.0,0.0,0.0,0.0,0.0
bundesliga-2016-2017-2017-04-15-Augsburg-FC Koln,bundesliga,home,Augsburg,FC Koln,15.04.2017,2,1,2016-2017,40%,60%,7.0,12.0,6.0,0.0,1.0,10.0,0.0,2.0,2.0,8.0,0.0,2.0,0.0,4.0,19.0,16.0,4.0,3.0,37%,63%,7.0,4.0,6.0,0.0,1.0,4.0,0.0,0.0,2.0,5.0,0.0,1.0,0.0,4.0,9.0,7.0,43%,57%,0.0,8.0,0.0,0.0,0.0,6.0,0.0,2.0,0.0,3.0,0.0,1.0,0.0,0.0,10.0,9.0,3.0,2.0,1.0,1.0,2.0,0.0,0.0,0.0,2.0,0.0,0.0,0.0,0.0,0.0,0,0,0.0,0.0,0.0,0.0,0.0,0.0,0.0,0.0,0.0,0.0,0.0,0.0,0.0,0.0,0.0,0.0,0.0,0.0,0.0,0.0,0.0,0.0,0.0,0.0,0.0,0.0
bundesliga-2016-2017-2017-04-15-Bayer Leverkusen-Bayern Munich,bundesliga,home,Bayer Leverkusen,Bayern Munich,15.04.2017,0,0,2016-2017,34%,66%,9.0,21.0,2.0,6.0,6.0,11.0,1.0,4.0,1.0,4.0,0.0,1.0,6.0,2.0,8.0,10.0,3.0,0.0,34%,66%,5.0,12.0,2.0,4.0,2.0,5.0,1.0,3.0,1.0,2.0,0.0,1.0,4.0,2.0,3.0,4.0,34%,66%,4.0,9.0,0.0,2.0,4.0,6.0,0.0,1.0,0.0,2.0,0.0,0.0,2.0,0.0,5.0,6.0,2.0,0.0,1.0,0.0,1.0,0.0,0.0,0.0,1.0,0.0,0.0,0.0,0.0,0.0,0,0,0.0,0.0,0.0,0.0,0.0,0.0,0.0,0.0,0.0,0.0,0.0,0.0,0.0,0.0,0.0,0.0,0.0,0.0,0.0,0.0,0.0,0.0,0.0,0.0,0.0,0.0
bundesliga-2016-2017-2017-04-15-Dortmund-Eintracht Frankfurt,bundesliga,home,Dortmund,Eintracht Frankfurt,15.04.2017,3,1,2016-2017,61%,39%,15.0,9.0,7.0,2.0,5.0,6.0,3.0,1.0,4.0,1.0,5.0,6.0,1.0,4.0,12.0,23.0,0.0,0.0,65%,35%,6.0,5.0,3.0,2.0,2.0,3.0,1.0,0.0,2.0,1.0,2.0,1.0,1.0,1.0,5.0,10.0,57%,43%,9.0,4.0,4.0,0.0,3.0,3.0,2.0,1.0,2.0,0.0,3.0,5.0,0.0,3.0,7.0,13.0,0.0,0.0,0.0,0.0,0.0,0.0,0.0,0.0,0.0,0.0,0.0,0.0,0.0,0.0,0,0,0.0,0.0,0.0,0.0,0.0,0.0,0.0,0.0,0.0,0.0,0.0,0.0,0.0,0.0,0.0,0.0,0.0,0.0,0.0,0.0,0.0,0.0,0.0,0.0,0.0,0.0
bundesliga-2016-2017-2017-04-15-Hoffenheim-B. Monchengladbach,bundesliga,home,Hoffenheim,B. Monchengladbach,15.04.2017,5,3,2016-2017,49%,51%,16.0,10.0,9.0,4.0,5.0,3.0,2.0,3.0,5.0,1.0,3.0,6.0,1.0,4.0,6.0,20.0,2.0,4.0,48%,52%,8.0,5.0,3.0,2.0,3.0,1.0,2.0,2.0,3.0,1.0,1.0,4.0,0.0,1.0,6.0,8.0,50%,50%,8.0,5.0,6.0,2.0,2.0,2.0,0.0,1.0,2.0,0.0,2.0,2.0,1.0,3.0,0.0,12.0,1.0,2.0,1.0,2.0,0.0,0.0,0.0,0.0,0.0,0.0,0.0,0.0,0.0,0.0,0,0,0.0,0.0,0.0,0.0,0.0,0.0,0.0,0.0,0.0,0.0,0.0,0.0,0.0,0.0,0.0,0.0,0.0,0.0,0.0,0.0,0.0,0.0,0.0,0.0,0.0,0.0
bundesliga-2016-2017-2017-04-15-Mainz-Hertha Berlin,bundesliga,home,Mainz,Hertha Berlin,15.04.2017,1,0,2016-2017,51%,49%,17.0,6.0,3.0,2.0,11.0,2.0,3.0,2.0,7.0,3.0,4.0,3.0,2.0,2.0,10.0,16.0,1.0,3.0,58%,42%,9.0,0.0,3.0,0.0,5.0,0.0,1.0,0.0,4.0,1.0,2.0,2.0,0.0,2.0,6.0,6.0,42%,58%,8.0,6.0,0.0,2.0,6.0,2.0,2.0,2.0,3.0,2.0,2.0,1.0,2.0,0.0,4.0,10.0,1.0,2.0,0.0,1.0,0.0,0.0,0.0,0.0,0.0,0.0,0.0,0.0,0.0,0.0,0,0,0.0,0.0,0.0,0.0,0.0,0.0,0.0,0.0,0.0,0.0,0.0,0.0,0.0,0.0,0.0,0.0,0.0,0.0,0.0,0.0,0.0,0.0,0.0,0.0,0.0,0.0
bundesliga-2016-2017-2017-04-15-RB Leipzig-Freiburg,bundesliga,home,RB Leipzig,Freiburg,15.04.2017,4,0,2016-2017,54%,46%,13.0,11.0,6.0,2.0,4.0,5.0,3.0,4.0,6.0,0.0,3.0,1.0,2.0,2.0,17.0,11.0,1.0,2.0,62%,38%,8.0,3.0,3.0,1.0,2.0,2.0,3.0,0.0,5.0,0.0,0.0,0.0,1.0,1.0,6.0,5.0,46%,54%,5.0,8.0,3.0,1.0,2.0,3.0,0.0,4.0,1.0,0.0,3.0,1.0,1.0,1.0,11.0,6.0,0.0,2.0,1.0,0.0,0.0,0.0,0.0,0.0,0.0,0.0,0.0,0.0,0.0,0.0,0,0,0.0,0.0,0.0,0.0,0.0,0.0,0.0,0.0,0.0,0.0,0.0,0.0,0.0,0.0,0.0,0.0,0.0,0.0,0.0,0.0,0.0,0.0,0.0,0.0,0.0,0.0
bundesliga-2016-2017-2017-04-15-Wolfsburg-Ingolstadt,bundesliga,home,Wolfsburg,Ingolstadt,15.04.2017,3,0,2016-2017,54%,46%,9.0,6.0,6.0,3.0,3.0,2.0,0.0,1.0,2.0,4.0,2.0,3.0,3.0,3.0,14.0,16.0,2.0,3.0,53%,47%,4.0,3.0,3.0,1.0,1.0,1.0,0.0,1.0,1.0,2.0,1.0,0.0,1.0,2.0,11.0,8.0,55%,45%,5.0,3.0,3.0,2.0,2.0,1.0,0.0,0.0,1.0,2.0,1.0,3.0,2.0,1.0,3.0,8.0,0.0,1.0,2.0,2.0,0.0,0.0,0.0,0.0,0.0,0.0,0.0,0.0,0.0,0.0,0,0,0.0,0.0,0.0,0.0,0.0,0.0,0.0,0.0,0.0,0.0,0.0,0.0,0.0,0.0,0.0,0.0,0.0,0.0,0.0,0.0,0.0,0.0,0.0,0.0,0.0,0.0
bundesliga-2016-2017-2017-04-16-Darmstadt-Schalke,bundesliga,home,Darmstadt,Schalke,16.04.2017,2,1,2016-2017,0,0,0.0,0.0,0.0,0.0,0.0,0.0,0.0,0.0,0.0,0.0,0.0,0.0,0.0,0.0,0.0,0.0,0.0,0.0,0,0,0.0,0.0,0.0,0.0,0.0,0.0,0.0,0.0,0.0,0.0,0.0,0.0,0.0,0.0,0.0,0.0,0,0,0.0,0.0,0.0,0.0,0.0,0.0,0.0,0.0,0.0,0.0,0.0,0.0,0.0,0.0,0.0,0.0,0.0,0.0,0.0,0.0,0.0,0.0,0.0,0.0,0.0,0.0,0.0,0.0,0.0,0.0,0,0,0.0,0.0,0.0,0.0,0.0,0.0,0.0,0.0,0.0,0.0,0.0,0.0,0.0,0.0,0.0,0.0,0.0,0.0,0.0,0.0,0.0,0.0,0.0,0.0,0.0,0.0
bundesliga-2016-2017-2017-04-16-Werder Bremen-Hamburger SV,bundesliga,home,Werder Bremen,Hamburger SV,16.04.2017,2,1,2016-2017,54%,46%,13.0,6.0,5.0,4.0,6.0,1.0,2.0,1.0,4.0,3.0,0.0,5.0,3.0,3.0,13.0,15.0,3.0,1.0,54%,46%,7.0,3.0,2.0,2.0,4.0,1.0,1.0,0.0,1.0,1.0,0.0,1.0,1.0,1.0,6.0,7.0,54%,46%,6.0,3.0,3.0,2.0,2.0,0.0,1.0,1.0,3.0,2.0,0.0,4.0,2.0,2.0,7.0,8.0,1.0,1.0,2.0,0.0,0.0,0.0,0.0,0.0,0.0,0.0,0.0,0.0,0.0,0.0,0,0,0.0,0.0,0.0,0.0,0.0,0.0,0.0,0.0,0.0,0.0,0.0,0.0,0.0,0.0,0.0,0.0,0.0,0.0,0.0,0.0,0.0,0.0,0.0,0.0,0.0,0.0
bundesliga-2016-2017-2017-04-21-FC Koln-Hoffenheim,bundesliga,home,FC Koln,Hoffenheim,21.04.2017,1,1,2016-2017,41%,59%,12.0,11.0,6.0,6.0,5.0,3.0,1.0,2.0,6.0,4.0,4.0,5.0,5.0,5.0,9.0,11.0,2.0,0.0,46%,54%,3.0,6.0,0.0,4.0,2.0,1.0,1.0,1.0,4.0,3.0,3.0,3.0,4.0,0.0,8.0,3.0,35%,65%,9.0,5.0,6.0,2.0,3.0,2.0,0.0,1.0,2.0,1.0,1.0,2.0,1.0,5.0,1.0,8.0,1.0,0.0,1.0,0.0,0.0,0.0,0.0,0.0,0.0,0.0,0.0,0.0,0.0,0.0,0,0,0.0,0.0,0.0,0.0,0.0,0.0,0.0,0.0,0.0,0.0,0.0,0.0,0.0,0.0,0.0,0.0,0.0,0.0,0.0,0.0,0.0,0.0,0.0,0.0,0.0,0.0
bundesliga-2016-2017-2017-04-22-B. Monchengladbach-Dortmund,bundesliga,home,B. Monchengladbach,Dortmund,22.04.2017,2,3,2016-2017,46%,54%,7.0,12.0,3.0,6.0,3.0,4.0,1.0,2.0,2.0,4.0,8.0,2.0,3.0,1.0,8.0,12.0,2.0,3.0,48%,52%,3.0,6.0,1.0,2.0,2.0,2.0,0.0,2.0,0.0,2.0,4.0,2.0,1.0,0.0,2.0,6.0,44%,56%,4.0,6.0,2.0,4.0,1.0,2.0,1.0,0.0,2.0,2.0,4.0,0.0,2.0,1.0,6.0,6.0,1.0,3.0,1.0,0.0,0.0,0.0,0.0,0.0,0.0,0.0,0.0,0.0,0.0,0.0,0,0,0.0,0.0,0.0,0.0,0.0,0.0,0.0,0.0,0.0,0.0,0.0,0.0,0.0,0.0,0.0,0.0,0.0,0.0,0.0,0.0,0.0,0.0,0.0,0.0,0.0,0.0
bundesliga-2016-2017-2017-04-22-Bayern Munich-Mainz,bundesliga,home,Bayern Munich,Mainz,22.04.2017,2,2,2016-2017,69%,31%,19.0,10.0,6.0,5.0,6.0,2.0,7.0,3.0,14.0,2.0,1.0,4.0,3.0,4.0,5.0,5.0,1.0,1.0,65%,35%,6.0,9.0,3.0,4.0,1.0,2.0,2.0,3.0,3.0,2.0,1.0,2.0,2.0,2.0,4.0,2.0,73%,27%,13.0,1.0,3.0,1.0,5.0,0.0,5.0,0.0,11.0,0.0,0.0,2.0,1.0,2.0,1.0,3.0,0.0,1.0,1.0,0.0,0.0,0.0,0.0,0.0,0.0,0.0,0.0,0.0,0.0,0.0,0,0,0.0,0.0,0.0,0.0,0.0,0.0,0.0,0.0,0.0,0.0,0.0,0.0,0.0,0.0,0.0,0.0,0.0,0.0,0.0,0.0,0.0,0.0,0.0,0.0,0.0,0.0
bundesliga-2016-2017-2017-04-22-Eintracht Frankfurt-Augsburg,bundesliga,home,Eintracht Frankfurt,Augsburg,22.04.2017,3,1,2016-2017,67%,33%,20.0,10.0,7.0,4.0,7.0,3.0,6.0,3.0,4.0,2.0,1.0,3.0,3.0,4.0,13.0,8.0,2.0,1.0,72%,28%,7.0,4.0,3.0,2.0,3.0,1.0,1.0,1.0,4.0,1.0,1.0,1.0,1.0,3.0,3.0,5.0,62%,38%,13.0,6.0,4.0,2.0,4.0,2.0,5.0,2.0,0.0,1.0,0.0,2.0,2.0,1.0,10.0,3.0,2.0,1.0,0.0,0.0,0.0,0.0,0.0,0.0,0.0,0.0,0.0,0.0,0.0,0.0,0,0,0.0,0.0,0.0,0.0,0.0,0.0,0.0,0.0,0.0,0.0,0.0,0.0,0.0,0.0,0.0,0.0,0.0,0.0,0.0,0.0,0.0,0.0,0.0,0.0,0.0,0.0
bundesliga-2016-2017-2017-04-22-Hamburger SV-Darmstadt,bundesliga,home,Hamburger SV,Darmstadt,22.04.2017,1,2,2016-2017,55%,45%,13.0,9.0,6.0,4.0,4.0,4.0,3.0,1.0,9.0,6.0,1.0,2.0,2.0,5.0,14.0,18.0,3.0,2.0,55%,45%,6.0,2.0,3.0,1.0,2.0,1.0,1.0,0.0,4.0,2.0,0.0,0.0,1.0,3.0,9.0,9.0,55%,45%,7.0,7.0,3.0,3.0,2.0,3.0,2.0,1.0,5.0,4.0,1.0,2.0,1.0,2.0,5.0,9.0,2.0,2.0,1.0,0.0,0.0,0.0,0.0,0.0,0.0,0.0,0.0,0.0,0.0,0.0,0,0,0.0,0.0,0.0,0.0,0.0,0.0,0.0,0.0,0.0,0.0,0.0,0.0,0.0,0.0,0.0,0.0,0.0,0.0,0.0,0.0,0.0,0.0,0.0,0.0,0.0,0.0
bundesliga-2016-2017-2017-04-22-Hertha Berlin-Wolfsburg,bundesliga,home,Hertha Berlin,Wolfsburg,22.04.2017,1,0,2016-2017,51%,49%,14.0,10.0,5.0,2.0,4.0,3.0,5.0,5.0,5.0,2.0,1.0,4.0,3.0,4.0,10.0,18.0,3.0,5.0,53%,47%,6.0,7.0,1.0,3.0,1.0,1.0,4.0,3.0,2.0,2.0,1.0,2.0,3.0,1.0,4.0,7.0,49%,51%,8.0,3.0,4.0,-1.0,3.0,2.0,1.0,2.0,3.0,0.0,0.0,2.0,0.0,3.0,6.0,11.0,3.0,4.0,0.0,1.0,0.0,0.0,0.0,0.0,0.0,0.0,0.0,0.0,0.0,0.0,0,0,0.0,0.0,0.0,0.0,0.0,0.0,0.0,0.0,0.0,0.0,0.0,0.0,0.0,0.0,0.0,0.0,0.0,0.0,0.0,0.0,0.0,0.0,0.0,0.0,0.0,0.0
bundesliga-2016-2017-2017-04-22-Ingolstadt-Werder Bremen,bundesliga,home,Ingolstadt,Werder Bremen,22.04.2017,2,4,2016-2017,47%,53%,15.0,10.0,5.0,5.0,8.0,5.0,2.0,0.0,9.0,2.0,3.0,4.0,1.0,3.0,15.0,11.0,3.0,2.0,51%,49%,7.0,4.0,3.0,2.0,4.0,2.0,0.0,0.0,5.0,1.0,1.0,1.0,1.0,2.0,9.0,3.0,42%,58%,8.0,6.0,2.0,3.0,4.0,3.0,2.0,0.0,4.0,1.0,2.0,3.0,0.0,1.0,6.0,8.0,2.0,2.0,1.0,0.0,0.0,0.0,0.0,0.0,0.0,0.0,0.0,0.0,0.0,0.0,0,0,0.0,0.0,0.0,0.0,0.0,0.0,0.0,0.0,0.0,0.0,0.0,0.0,0.0,0.0,0.0,0.0,0.0,0.0,0.0,0.0,0.0,0.0,0.0,0.0,0.0,0.0
bundesliga-2016-2017-2017-04-23-Freiburg-Bayer Leverkusen,bundesliga,home,Freiburg,Bayer Leverkusen,23.04.2017,2,1,2016-2017,44%,56%,11.0,11.0,5.0,4.0,4.0,7.0,2.0,0.0,5.0,5.0,4.0,2.0,3.0,3.0,6.0,12.0,2.0,2.0,42%,58%,3.0,5.0,1.0,3.0,1.0,2.0,1.0,0.0,2.0,3.0,3.0,0.0,3.0,0.0,3.0,6.0,46%,54%,8.0,6.0,4.0,1.0,3.0,5.0,1.0,0.0,3.0,2.0,1.0,2.0,0.0,3.0,3.0,6.0,1.0,2.0,1.0,0.0,0.0,0.0,0.0,0.0,0.0,0.0,0.0,0.0,0.0,0.0,0,0,0.0,0.0,0.0,0.0,0.0,0.0,0.0,0.0,0.0,0.0,0.0,0.0,0.0,0.0,0.0,0.0,0.0,0.0,0.0,0.0,0.0,0.0,0.0,0.0,0.0,0.0
bundesliga-2016-2017-2017-04-23-Schalke-RB Leipzig,bundesliga,home,Schalke,RB Leipzig,23.04.2017,1,1,2016-2017,49%,51%,11.0,9.0,1.0,1.0,8.0,6.0,2.0,2.0,5.0,5.0,2.0,7.0,0.0,0.0,18.0,21.0,3.0,2.0,51%,49%,7.0,5.0,0.0,1.0,5.0,3.0,2.0,1.0,4.0,4.0,0.0,5.0,0.0,0.0,8.0,9.0,47%,53%,4.0,4.0,1.0,0.0,3.0,3.0,0.0,1.0,1.0,1.0,2.0,2.0,0.0,0.0,10.0,12.0,1.0,1.0,2.0,1.0,0.0,0.0,0.0,0.0,0.0,0.0,0.0,0.0,0.0,0.0,0,0,0.0,0.0,0.0,0.0,0.0,0.0,0.0,0.0,0.0,0.0,0.0,0.0,0.0,0.0,0.0,0.0,0.0,0.0,0.0,0.0,0.0,0.0,0.0,0.0,0.0,0.0
bundesliga-2016-2017-2017-04-28-Bayer Leverkusen-Schalke,bundesliga,home,Bayer Leverkusen,Schalke,28.04.2017,1,4,2016-2017,47%,53%,13.0,12.0,4.0,8.0,6.0,1.0,3.0,3.0,2.0,3.0,4.0,3.0,4.0,3.0,15.0,10.0,3.0,0.0,48%,52%,5.0,7.0,2.0,5.0,3.0,0.0,0.0,2.0,2.0,2.0,1.0,1.0,2.0,2.0,6.0,5.0,46%,54%,8.0,5.0,2.0,3.0,3.0,1.0,3.0,1.0,0.0,1.0,3.0,2.0,2.0,1.0,9.0,5.0,2.0,0.0,1.0,0.0,0.0,0.0,0.0,0.0,0.0,0.0,0.0,0.0,0.0,0.0,0,0,0.0,0.0,0.0,0.0,0.0,0.0,0.0,0.0,0.0,0.0,0.0,0.0,0.0,0.0,0.0,0.0,0.0,0.0,13.0,19.0,24.0,20.0,13.0,19.0,24.0,20.0
bundesliga-2016-2017-2017-04-29-Darmstadt-Freiburg,bundesliga,home,Darmstadt,Freiburg,29.04.2017,3,0,2016-2017,44%,56%,14.0,9.0,4.0,4.0,9.0,4.0,1.0,1.0,7.0,6.0,1.0,0.0,4.0,1.0,15.0,15.0,2.0,0.0,46%,54%,5.0,2.0,2.0,1.0,3.0,1.0,0.0,0.0,1.0,0.0,1.0,0.0,1.0,0.0,10.0,8.0,42%,58%,9.0,7.0,2.0,3.0,6.0,3.0,1.0,1.0,6.0,6.0,0.0,0.0,3.0,1.0,5.0,7.0,0.0,0.0,2.0,0.0,0.0,0.0,0.0,0.0,0.0,0.0,0.0,0.0,0.0,0.0,0,0,0.0,0.0,0.0,0.0,0.0,0.0,0.0,0.0,0.0,0.0,0.0,0.0,0.0,0.0,0.0,0.0,0.0,0.0,0.0,0.0,0.0,0.0,0.0,0.0,0.0,0.0
bundesliga-2016-2017-2017-04-29-Dortmund-FC Koln,bundesliga,home,Dortmund,FC Koln,29.04.2017,0,0,2016-2017,66%,34%,23.0,5.0,4.0,0.0,13.0,2.0,6.0,3.0,9.0,0.0,6.0,5.0,0.0,4.0,7.0,12.0,2.0,2.0,63%,37%,11.0,2.0,0.0,0.0,8.0,2.0,3.0,0.0,3.0,0.0,5.0,1.0,0.0,0.0,2.0,6.0,69%,31%,12.0,3.0,4.0,0.0,5.0,0.0,3.0,3.0,6.0,0.0,1.0,4.0,0.0,4.0,5.0,6.0,1.0,1.0,1.0,1.0,0.0,0.0,0.0,0.0,0.0,0.0,0.0,0.0,0.0,0.0,0,0,0.0,0.0,0.0,0.0,0.0,0.0,0.0,0.0,0.0,0.0,0.0,0.0,0.0,0.0,0.0,0.0,0.0,0.0,0.0,0.0,0.0,0.0,0.0,0.0,0.0,0.0
bundesliga-2016-2017-2017-04-29-Mainz-B. Monchengladbach,bundesliga,home,Mainz,B. Monchengladbach,29.04.2017,1,2,2016-2017,52%,48%,17.0,13.0,8.0,5.0,6.0,5.0,3.0,3.0,8.0,3.0,6.0,3.0,3.0,7.0,9.0,15.0,1.0,1.0,46%,54%,5.0,7.0,3.0,2.0,1.0,2.0,1.0,3.0,3.0,3.0,1.0,1.0,1.0,3.0,6.0,8.0,58%,42%,12.0,6.0,5.0,3.0,5.0,3.0,2.0,0.0,5.0,0.0,5.0,2.0,2.0,4.0,3.0,7.0,1.0,1.0,0.0,0.0,0.0,0.0,0.0,0.0,0.0,0.0,0.0,0.0,0.0,0.0,0,0,0.0,0.0,0.0,0.0,0.0,0.0,0.0,0.0,0.0,0.0,0.0,0.0,0.0,0.0,0.0,0.0,0.0,0.0,0.0,0.0,0.0,0.0,0.0,0.0,0.0,0.0
bundesliga-2016-2017-2017-04-29-RB Leipzig-Ingolstadt,bundesliga,home,RB Leipzig,Ingolstadt,29.04.2017,0,0,2016-2017,62%,38%,15.0,6.0,3.0,0.0,10.0,4.0,2.0,2.0,5.0,3.0,1.0,3.0,0.0,3.0,14.0,15.0,3.0,6.0,65%,35%,4.0,4.0,2.0,0.0,2.0,2.0,0.0,2.0,0.0,2.0,1.0,2.0,0.0,2.0,6.0,7.0,59%,41%,11.0,2.0,1.0,0.0,8.0,2.0,2.0,0.0,5.0,1.0,0.0,1.0,0.0,1.0,8.0,8.0,1.0,4.0,2.0,2.0,0.0,1.0,0.0,0.0,0.0,1.0,0.0,0.0,0.0,0.0,0,0,0.0,0.0,0.0,0.0,0.0,0.0,0.0,0.0,0.0,0.0,0.0,0.0,0.0,0.0,0.0,0.0,0.0,0.0,0.0,0.0,0.0,0.0,0.0,0.0,0.0,0.0
bundesliga-2016-2017-2017-04-29-Werder Bremen-Hertha Berlin,bundesliga,home,Werder Bremen,Hertha Berlin,29.04.2017,2,0,2016-2017,45%,55%,9.0,10.0,4.0,2.0,5.0,7.0,0.0,1.0,2.0,2.0,2.0,3.0,2.0,2.0,8.0,17.0,1.0,1.0,50%,50%,5.0,2.0,4.0,0.0,1.0,2.0,0.0,0.0,2.0,0.0,1.0,2.0,0.0,2.0,2.0,10.0,40%,60%,4.0,8.0,0.0,2.0,4.0,5.0,0.0,1.0,0.0,2.0,1.0,1.0,2.0,0.0,6.0,7.0,0.0,0.0,1.0,1.0,0.0,0.0,0.0,0.0,0.0,0.0,0.0,0.0,0.0,0.0,0,0,0.0,0.0,0.0,0.0,0.0,0.0,0.0,0.0,0.0,0.0,0.0,0.0,0.0,0.0,0.0,0.0,0.0,0.0,0.0,0.0,0.0,0.0,0.0,0.0,0.0,0.0
bundesliga-2016-2017-2017-04-29-Wolfsburg-Bayern Munich,bundesliga,home,Wolfsburg,Bayern Munich,29.04.2017,0,6,2016-2017,41%,59%,7.0,17.0,3.0,9.0,3.0,6.0,1.0,2.0,4.0,4.0,4.0,5.0,3.0,3.0,11.0,10.0,2.0,0.0,42%,58%,5.0,7.0,2.0,5.0,3.0,1.0,0.0,1.0,2.0,1.0,2.0,3.0,2.0,2.0,5.0,2.0,40%,60%,2.0,10.0,1.0,4.0,0.0,5.0,1.0,1.0,2.0,3.0,2.0,2.0,1.0,1.0,6.0,8.0,1.0,0.0,1.0,0.0,1.0,0.0,0.0,0.0,1.0,0.0,0.0,0.0,0.0,0.0,0,0,0.0,0.0,0.0,0.0,0.0,0.0,0.0,0.0,0.0,0.0,0.0,0.0,0.0,0.0,0.0,0.0,0.0,0.0,0.0,0.0,0.0,0.0,0.0,0.0,0.0,0.0
bundesliga-2016-2017-2017-04-30-Augsburg-Hamburger SV,bundesliga,home,Augsburg,Hamburger SV,30.04.2017,4,0,2016-2017,54%,46%,17.0,9.0,9.0,4.0,4.0,3.0,4.0,2.0,4.0,4.0,1.0,1.0,4.0,5.0,8.0,15.0,1.0,4.0,57%,43%,8.0,5.0,5.0,1.0,2.0,2.0,1.0,2.0,1.0,1.0,1.0,1.0,1.0,3.0,2.0,7.0,51%,49%,9.0,4.0,4.0,3.0,2.0,1.0,3.0,0.0,3.0,3.0,0.0,0.0,3.0,2.0,6.0,8.0,1.0,2.0,0.0,2.0,0.0,0.0,0.0,0.0,0.0,0.0,0.0,0.0,0.0,0.0,0,0,0.0,0.0,0.0,0.0,0.0,0.0,0.0,0.0,0.0,0.0,0.0,0.0,0.0,0.0,0.0,0.0,0.0,0.0,0.0,0.0,0.0,0.0,0.0,0.0,0.0,0.0
bundesliga-2016-2017-2017-04-30-Hoffenheim-Eintracht Frankfurt,bundesliga,home,Hoffenheim,Eintracht Frankfurt,30.04.2017,1,0,2016-2017,65%,35%,8.0,4.0,1.0,2.0,1.0,1.0,6.0,1.0,3.0,4.0,3.0,1.0,2.0,0.0,22.0,18.0,0.0,3.0,66%,34%,6.0,2.0,0.0,1.0,1.0,0.0,5.0,1.0,1.0,1.0,3.0,1.0,1.0,0.0,8.0,9.0,64%,36%,2.0,2.0,1.0,1.0,0.0,1.0,1.0,0.0,2.0,3.0,0.0,0.0,1.0,0.0,14.0,9.0,0.0,3.0,0.0,0.0,0.0,0.0,0.0,0.0,0.0,0.0,0.0,0.0,0.0,0.0,0,0,0.0,0.0,0.0,0.0,0.0,0.0,0.0,0.0,0.0,0.0,0.0,0.0,0.0,0.0,0.0,0.0,0.0,0.0,0.0,0.0,0.0,0.0,0.0,0.0,0.0,0.0
bundesliga-2016-2017-2017-05-05-FC Koln-Werder Bremen,bundesliga,home,FC Koln,Werder Bremen,05.05.2017,4,3,2016-2017,40%,60%,16.0,11.0,9.0,4.0,5.0,6.0,2.0,1.0,5.0,1.0,2.0,1.0,1.0,5.0,9.0,9.0,0.0,2.0,47%,53%,13.0,6.0,6.0,2.0,5.0,3.0,2.0,1.0,4.0,0.0,2.0,0.0,0.0,3.0,3.0,2.0,32%,68%,3.0,5.0,3.0,2.0,0.0,3.0,0.0,0.0,1.0,1.0,0.0,1.0,1.0,2.0,6.0,7.0,0.0,1.0,0.0,1.0,0.0,0.0,0.0,0.0,0.0,0.0,0.0,0.0,0.0,0.0,0,0,0.0,0.0,0.0,0.0,0.0,0.0,0.0,0.0,0.0,0.0,0.0,0.0,0.0,0.0,0.0,0.0,0.0,0.0,0.0,0.0,0.0,0.0,0.0,0.0,0.0,0.0
bundesliga-2016-2017-2017-05-06-B. Monchengladbach-Augsburg,bundesliga,home,B. Monchengladbach,Augsburg,06.05.2017,1,1,2016-2017,63%,37%,18.0,11.0,5.0,4.0,5.0,3.0,8.0,4.0,3.0,5.0,4.0,2.0,3.0,4.0,6.0,14.0,2.0,2.0,62%,38%,8.0,5.0,2.0,2.0,3.0,1.0,3.0,2.0,2.0,2.0,3.0,0.0,2.0,2.0,1.0,7.0,64%,36%,10.0,6.0,3.0,2.0,2.0,2.0,5.0,2.0,1.0,3.0,1.0,2.0,1.0,2.0,5.0,7.0,2.0,1.0,0.0,1.0,0.0,0.0,0.0,0.0,0.0,0.0,0.0,0.0,0.0,0.0,0,0,0.0,0.0,0.0,0.0,0.0,0.0,0.0,0.0,0.0,0.0,0.0,0.0,0.0,0.0,0.0,0.0,0.0,0.0,0.0,0.0,0.0,0.0,0.0,0.0,0.0,0.0
bundesliga-2016-2017-2017-05-06-Bayern Munich-Darmstadt,bundesliga,home,Bayern Munich,Darmstadt,06.05.2017,1,0,2016-2017,64%,36%,23.0,13.0,8.0,3.0,10.0,7.0,5.0,3.0,13.0,7.0,3.0,4.0,3.0,7.0,10.0,7.0,1.0,1.0,64%,36%,14.0,7.0,5.0,1.0,6.0,5.0,3.0,1.0,8.0,2.0,2.0,1.0,1.0,4.0,4.0,4.0,64%,36%,9.0,6.0,3.0,2.0,4.0,2.0,2.0,2.0,5.0,5.0,1.0,3.0,2.0,3.0,6.0,3.0,1.0,1.0,0.0,0.0,0.0,0.0,0.0,0.0,0.0,0.0,0.0,0.0,0.0,0.0,0,0,0.0,0.0,0.0,0.0,0.0,0.0,0.0,0.0,0.0,0.0,0.0,0.0,0.0,0.0,0.0,0.0,0.0,0.0,0.0,0.0,0.0,0.0,0.0,0.0,0.0,0.0
bundesliga-2016-2017-2017-05-06-Dortmund-Hoffenheim,bundesliga,home,Dortmund,Hoffenheim,06.05.2017,2,1,2016-2017,43%,57%,11.0,10.0,4.0,5.0,6.0,4.0,1.0,1.0,6.0,2.0,2.0,10.0,4.0,2.0,17.0,10.0,4.0,2.0,44%,56%,4.0,4.0,1.0,2.0,2.0,2.0,1.0,0.0,4.0,1.0,1.0,5.0,2.0,0.0,10.0,4.0,42%,58%,7.0,6.0,3.0,3.0,4.0,2.0,0.0,1.0,2.0,1.0,1.0,5.0,2.0,2.0,7.0,6.0,2.0,1.0,2.0,1.0,0.0,0.0,0.0,0.0,0.0,0.0,0.0,0.0,0.0,0.0,0,0,0.0,0.0,0.0,0.0,0.0,0.0,0.0,0.0,0.0,0.0,0.0,0.0,0.0,0.0,0.0,0.0,0.0,0.0,0.0,0.0,0.0,0.0,0.0,0.0,0.0,0.0
bundesliga-2016-2017-2017-05-06-Eintracht Frankfurt-Wolfsburg,bundesliga,home,Eintracht Frankfurt,Wolfsburg,06.05.2017,0,2,2016-2017,51%,49%,7.0,7.0,2.0,3.0,5.0,4.0,0.0,0.0,2.0,4.0,1.0,1.0,1.0,2.0,11.0,14.0,1.0,2.0,51%,49%,1.0,3.0,0.0,0.0,1.0,3.0,0.0,0.0,1.0,4.0,1.0,0.0,0.0,0.0,4.0,7.0,51%,49%,6.0,4.0,2.0,3.0,4.0,1.0,0.0,0.0,1.0,0.0,0.0,1.0,1.0,2.0,7.0,7.0,0.0,2.0,1.0,0.0,0.0,0.0,0.0,0.0,0.0,0.0,0.0,0.0,0.0,0.0,0,0,0.0,0.0,0.0,0.0,0.0,0.0,0.0,0.0,0.0,0.0,0.0,0.0,0.0,0.0,0.0,0.0,0.0,0.0,0.0,0.0,0.0,0.0,0.0,0.0,0.0,0.0
bundesliga-2016-2017-2017-05-06-Hertha Berlin-RB Leipzig,bundesliga,home,Hertha Berlin,RB Leipzig,06.05.2017,1,4,2016-2017,47%,53%,7.0,14.0,1.0,8.0,3.0,6.0,2.0,0.0,3.0,8.0,0.0,6.0,4.0,1.0,14.0,14.0,3.0,3.0,47%,53%,5.0,6.0,1.0,4.0,2.0,2.0,2.0,0.0,3.0,5.0,0.0,4.0,3.0,1.0,6.0,7.0,47%,53%,2.0,8.0,0.0,4.0,1.0,4.0,0.0,0.0,0.0,3.0,0.0,2.0,1.0,0.0,8.0,7.0,3.0,2.0,0.0,1.0,0.0,0.0,0.0,0.0,0.0,0.0,0.0,0.0,0.0,0.0,0,0,0.0,0.0,0.0,0.0,0.0,0.0,0.0,0.0,0.0,0.0,0.0,0.0,0.0,0.0,0.0,0.0,0.0,0.0,0.0,0.0,0.0,0.0,0.0,0.0,0.0,0.0
bundesliga-2016-2017-2017-05-06-Ingolstadt-Bayer Leverkusen,bundesliga,home,Ingolstadt,Bayer Leverkusen,06.05.2017,1,1,2016-2017,50%,50%,10.0,12.0,2.0,6.0,8.0,4.0,0.0,2.0,7.0,6.0,0.0,1.0,5.0,1.0,13.0,10.0,1.0,3.0,50%,50%,2.0,4.0,1.0,1.0,1.0,2.0,0.0,1.0,5.0,2.0,0.0,1.0,1.0,1.0,8.0,4.0,50%,50%,8.0,8.0,1.0,5.0,7.0,2.0,0.0,1.0,2.0,4.0,0.0,0.0,4.0,0.0,5.0,6.0,0.0,2.0,1.0,1.0,0.0,0.0,0.0,0.0,0.0,0.0,0.0,0.0,0.0,0.0,0,0,0.0,0.0,0.0,0.0,0.0,0.0,0.0,0.0,0.0,0.0,0.0,0.0,0.0,0.0,0.0,0.0,0.0,0.0,0.0,0.0,0.0,0.0,0.0,0.0,0.0,0.0
bundesliga-2016-2017-2017-05-07-Freiburg-Schalke,bundesliga,home,Freiburg,Schalke,07.05.2017,2,0,2016-2017,40%,60%,13.0,14.0,5.0,3.0,7.0,7.0,1.0,4.0,2.0,4.0,2.0,0.0,3.0,3.0,12.0,13.0,0.0,2.0,45%,55%,7.0,4.0,2.0,0.0,4.0,3.0,1.0,1.0,2.0,2.0,0.0,0.0,0.0,0.0,5.0,8.0,35%,65%,6.0,10.0,3.0,3.0,3.0,4.0,0.0,3.0,0.0,2.0,2.0,0.0,3.0,3.0,7.0,5.0,0.0,2.0,0.0,0.0,0.0,0.0,0.0,0.0,0.0,0.0,0.0,0.0,0.0,0.0,0,0,0.0,0.0,0.0,0.0,0.0,0.0,0.0,0.0,0.0,0.0,0.0,0.0,0.0,0.0,0.0,0.0,0.0,0.0,0.0,0.0,0.0,0.0,0.0,0.0,0.0,0.0
bundesliga-2016-2017-2017-05-07-Hamburger SV-Mainz,bundesliga,home,Hamburger SV,Mainz,07.05.2017,0,0,2016-2017,48%,52%,6.0,13.0,2.0,6.0,1.0,3.0,3.0,4.0,5.0,3.0,3.0,2.0,6.0,2.0,16.0,16.0,2.0,1.0,48%,52%,3.0,7.0,1.0,5.0,0.0,1.0,2.0,1.0,3.0,2.0,2.0,1.0,5.0,1.0,7.0,7.0,48%,52%,3.0,6.0,1.0,1.0,1.0,2.0,1.0,3.0,2.0,1.0,1.0,1.0,1.0,1.0,9.0,9.0,2.0,1.0,0.0,0.0,0.0,0.0,0.0,0.0,0.0,0.0,0.0,0.0,0.0,0.0,0,0,0.0,0.0,0.0,0.0,0.0,0.0,0.0,0.0,0.0,0.0,0.0,0.0,0.0,0.0,0.0,0.0,0.0,0.0,0.0,0.0,0.0,0.0,0.0,0.0,0.0,0.0
bundesliga-2016-2017-2017-05-13-Augsburg-Dortmund,bundesliga,home,Augsburg,Dortmund,13.05.2017,1,1,2016-2017,23%,77%,5.0,15.0,3.0,5.0,2.0,7.0,0.0,3.0,2.0,3.0,3.0,0.0,4.0,2.0,17.0,7.0,2.0,1.0,26%,74%,4.0,6.0,3.0,2.0,1.0,2.0,0.0,2.0,1.0,0.0,1.0,0.0,1.0,2.0,7.0,3.0,20%,80%,1.0,9.0,0.0,3.0,1.0,5.0,0.0,1.0,1.0,3.0,2.0,0.0,3.0,0.0,10.0,4.0,2.0,0.0,0.0,1.0,0.0,0.0,0.0,0.0,0.0,0.0,0.0,0.0,0.0,0.0,0,0,0.0,0.0,0.0,0.0,0.0,0.0,0.0,0.0,0.0,0.0,0.0,0.0,0.0,0.0,0.0,0.0,0.0,0.0,0.0,0.0,0.0,0.0,0.0,0.0,0.0,0.0
bundesliga-2016-2017-2017-05-13-Bayer Leverkusen-FC Koln,bundesliga,home,Bayer Leverkusen,FC Koln,13.05.2017,2,2,2016-2017,66%,34%,27.0,7.0,9.0,4.0,10.0,3.0,8.0,0.0,7.0,3.0,1.0,2.0,2.0,7.0,12.0,12.0,0.0,2.0,56%,44%,14.0,3.0,5.0,1.0,4.0,2.0,5.0,0.0,4.0,2.0,1.0,1.0,0.0,5.0,3.0,3.0,76%,24%,13.0,4.0,4.0,3.0,6.0,1.0,3.0,0.0,3.0,1.0,0.0,1.0,2.0,2.0,9.0,9.0,0.0,2.0,0.0,0.0,0.0,0.0,0.0,0.0,0.0,0.0,0.0,0.0,0.0,0.0,0,0,0.0,0.0,0.0,0.0,0.0,0.0,0.0,0.0,0.0,0.0,0.0,0.0,0.0,0.0,0.0,0.0,0.0,0.0,0.0,0.0,0.0,0.0,0.0,0.0,0.0,0.0
bundesliga-2016-2017-2017-05-13-Darmstadt-Hertha Berlin,bundesliga,home,Darmstadt,Hertha Berlin,13.05.2017,0,2,2016-2017,61%,39%,11.0,16.0,2.0,5.0,8.0,10.0,1.0,1.0,4.0,6.0,5.0,1.0,3.0,2.0,17.0,14.0,3.0,0.0,58%,42%,3.0,6.0,0.0,3.0,3.0,3.0,0.0,0.0,2.0,4.0,3.0,0.0,1.0,0.0,6.0,9.0,64%,36%,8.0,10.0,2.0,2.0,5.0,7.0,1.0,1.0,2.0,2.0,2.0,1.0,2.0,2.0,11.0,5.0,3.0,0.0,0.0,0.0,0.0,0.0,0.0,0.0,0.0,0.0,0.0,0.0,0.0,0.0,0,0,0.0,0.0,0.0,0.0,0.0,0.0,0.0,0.0,0.0,0.0,0.0,0.0,0.0,0.0,0.0,0.0,0.0,0.0,0.0,0.0,0.0,0.0,0.0,0.0,0.0,0.0
bundesliga-2016-2017-2017-05-13-Freiburg-Ingolstadt,bundesliga,home,Freiburg,Ingolstadt,13.05.2017,1,1,2016-2017,54%,46%,11.0,23.0,4.0,9.0,2.0,10.0,5.0,4.0,4.0,3.0,3.0,3.0,8.0,3.0,18.0,27.0,2.0,3.0,51%,49%,1.0,13.0,1.0,4.0,0.0,8.0,0.0,1.0,1.0,1.0,0.0,2.0,3.0,0.0,9.0,16.0,57%,43%,10.0,10.0,3.0,5.0,2.0,2.0,5.0,3.0,3.0,2.0,3.0,1.0,5.0,3.0,9.0,11.0,2.0,2.0,0.0,1.0,0.0,0.0,0.0,0.0,0.0,0.0,0.0,0.0,0.0,0.0,0,0,0.0,0.0,0.0,0.0,0.0,0.0,0.0,0.0,0.0,0.0,0.0,0.0,0.0,0.0,0.0,0.0,0.0,0.0,0.0,0.0,0.0,0.0,0.0,0.0,0.0,0.0
bundesliga-2016-2017-2017-05-13-Mainz-Eintracht Frankfurt,bundesliga,home,Mainz,Eintracht Frankfurt,13.05.2017,4,2,2016-2017,63%,37%,21.0,6.0,8.0,4.0,4.0,2.0,9.0,0.0,7.0,0.0,8.0,0.0,2.0,4.0,16.0,22.0,4.0,4.0,55%,45%,10.0,3.0,3.0,2.0,1.0,1.0,6.0,0.0,5.0,0.0,6.0,0.0,1.0,3.0,10.0,6.0,71%,29%,11.0,3.0,5.0,2.0,3.0,1.0,3.0,0.0,2.0,0.0,2.0,0.0,1.0,1.0,6.0,16.0,4.0,3.0,0.0,1.0,0.0,0.0,0.0,0.0,0.0,0.0,0.0,0.0,0.0,0.0,0,0,0.0,0.0,0.0,0.0,0.0,0.0,0.0,0.0,0.0,0.0,0.0,0.0,0.0,0.0,0.0,0.0,0.0,0.0,0.0,0.0,0.0,0.0,0.0,0.0,0.0,0.0
bundesliga-2016-2017-2017-05-13-RB Leipzig-Bayern Munich,bundesliga,home,RB Leipzig,Bayern Munich,13.05.2017,4,5,2016-2017,39%,61%,11.0,20.0,6.0,9.0,3.0,8.0,2.0,3.0,2.0,6.0,3.0,3.0,4.0,2.0,19.0,11.0,1.0,5.0,45%,55%,9.0,6.0,4.0,3.0,3.0,3.0,2.0,0.0,2.0,0.0,2.0,2.0,2.0,2.0,8.0,4.0,33%,67%,2.0,14.0,2.0,6.0,0.0,5.0,0.0,3.0,0.0,6.0,1.0,1.0,2.0,0.0,11.0,7.0,1.0,4.0,0.0,1.0,0.0,0.0,0.0,0.0,0.0,0.0,0.0,0.0,0.0,0.0,0,0,0.0,0.0,0.0,0.0,0.0,0.0,0.0,0.0,0.0,0.0,0.0,0.0,0.0,0.0,0.0,0.0,0.0,0.0,0.0,0.0,0.0,0.0,0.0,0.0,0.0,0.0
bundesliga-2016-2017-2017-05-13-Schalke-Hamburger SV,bundesliga,home,Schalke,Hamburger SV,13.05.2017,1,1,2016-2017,50%,50%,12.0,18.0,1.0,4.0,5.0,9.0,6.0,5.0,5.0,7.0,2.0,0.0,3.0,0.0,14.0,15.0,3.0,1.0,55%,45%,7.0,6.0,1.0,0.0,4.0,3.0,2.0,3.0,2.0,3.0,1.0,0.0,0.0,0.0,6.0,6.0,44%,56%,5.0,12.0,0.0,4.0,1.0,6.0,4.0,2.0,3.0,4.0,1.0,0.0,3.0,0.0,8.0,9.0,2.0,1.0,1.0,0.0,0.0,0.0,0.0,0.0,0.0,0.0,0.0,0.0,0.0,0.0,0,0,0.0,0.0,0.0,0.0,0.0,0.0,0.0,0.0,0.0,0.0,0.0,0.0,0.0,0.0,0.0,0.0,0.0,0.0,0.0,0.0,0.0,0.0,0.0,0.0,0.0,0.0
bundesliga-2016-2017-2017-05-13-Werder Bremen-Hoffenheim,bundesliga,home,Werder Bremen,Hoffenheim,13.05.2017,3,5,2016-2017,49%,51%,16.0,16.0,7.0,9.0,5.0,5.0,4.0,2.0,10.0,4.0,2.0,0.0,4.0,4.0,10.0,14.0,1.0,1.0,43%,57%,5.0,8.0,0.0,4.0,3.0,2.0,2.0,2.0,2.0,2.0,0.0,0.0,1.0,0.0,6.0,7.0,55%,45%,11.0,8.0,7.0,5.0,2.0,3.0,2.0,0.0,8.0,2.0,2.0,0.0,3.0,4.0,4.0,7.0,1.0,0.0,0.0,1.0,0.0,0.0,0.0,0.0,0.0,0.0,0.0,0.0,0.0,0.0,0,0,0.0,0.0,0.0,0.0,0.0,0.0,0.0,0.0,0.0,0.0,0.0,0.0,0.0,0.0,0.0,0.0,0.0,0.0,0.0,0.0,0.0,0.0,0.0,0.0,0.0,0.0
bundesliga-2016-2017-2017-05-13-Wolfsburg-B. Monchengladbach,bundesliga,home,Wolfsburg,B. Monchengladbach,13.05.2017,1,1,2016-2017,43%,57%,11.0,14.0,6.0,6.0,2.0,4.0,3.0,4.0,3.0,7.0,2.0,0.0,5.0,5.0,12.0,12.0,3.0,1.0,43%,57%,5.0,8.0,1.0,3.0,1.0,2.0,3.0,3.0,0.0,4.0,1.0,0.0,2.0,1.0,6.0,6.0,43%,57%,6.0,6.0,5.0,3.0,1.0,2.0,0.0,1.0,3.0,3.0,1.0,0.0,3.0,4.0,6.0,6.0,2.0,1.0,1.0,0.0,0.0,0.0,0.0,0.0,0.0,0.0,0.0,0.0,0.0,0.0,0,0,0.0,0.0,0.0,0.0,0.0,0.0,0.0,0.0,0.0,0.0,0.0,0.0,0.0,0.0,0.0,0.0,0.0,0.0,0.0,0.0,0.0,0.0,0.0,0.0,0.0,0.0
bundesliga-2016-2017-2017-05-20-B. Monchengladbach-Darmstadt,bundesliga,home,B. Monchengladbach,Darmstadt,20.05.2017,2,2,2016-2017,62%,38%,18.0,13.0,10.0,4.0,4.0,5.0,4.0,4.0,5.0,3.0,1.0,3.0,2.0,8.0,6.0,8.0,1.0,0.0,62%,38%,10.0,4.0,6.0,1.0,2.0,1.0,2.0,2.0,3.0,1.0,0.0,0.0,1.0,6.0,3.0,5.0,62%,38%,8.0,9.0,4.0,3.0,2.0,4.0,2.0,2.0,2.0,2.0,1.0,3.0,1.0,2.0,3.0,3.0,0.0,0.0,1.0,0.0,0.0,0.0,0.0,0.0,0.0,0.0,0.0,0.0,0.0,0.0,0,0,0.0,0.0,0.0,0.0,0.0,0.0,0.0,0.0,0.0,0.0,0.0,0.0,0.0,0.0,0.0,0.0,0.0,0.0,0.0,0.0,0.0,0.0,0.0,0.0,0.0,0.0
bundesliga-2016-2017-2017-05-20-Bayern Munich-Freiburg,bundesliga,home,Bayern Munich,Freiburg,20.05.2017,4,1,2016-2017,62%,38%,33.0,19.0,11.0,8.0,9.0,5.0,13.0,6.0,15.0,7.0,2.0,4.0,7.0,7.0,10.0,10.0,1.0,0.0,67%,33%,19.0,8.0,5.0,2.0,7.0,4.0,7.0,2.0,9.0,2.0,1.0,2.0,2.0,4.0,3.0,5.0,57%,43%,14.0,11.0,6.0,6.0,2.0,1.0,6.0,4.0,6.0,5.0,1.0,2.0,5.0,3.0,7.0,5.0,1.0,0.0,0.0,0.0,0.0,0.0,0.0,0.0,0.0,0.0,0.0,0.0,0.0,0.0,0,0,0.0,0.0,0.0,0.0,0.0,0.0,0.0,0.0,0.0,0.0,0.0,0.0,0.0,0.0,0.0,0.0,0.0,0.0,0.0,0.0,0.0,0.0,0.0,0.0,0.0,0.0
bundesliga-2016-2017-2017-05-20-Dortmund-Werder Bremen,bundesliga,home,Dortmund,Werder Bremen,20.05.2017,4,3,2016-2017,60%,40%,28.0,11.0,11.0,5.0,12.0,5.0,5.0,1.0,9.0,3.0,2.0,2.0,2.0,7.0,13.0,16.0,4.0,3.0,60%,40%,15.0,7.0,5.0,2.0,8.0,4.0,2.0,1.0,4.0,1.0,1.0,0.0,1.0,3.0,4.0,6.0,60%,40%,13.0,4.0,6.0,3.0,4.0,1.0,3.0,0.0,5.0,2.0,1.0,2.0,1.0,4.0,9.0,10.0,3.0,3.0,1.0,0.0,0.0,0.0,0.0,0.0,0.0,0.0,0.0,0.0,0.0,0.0,0,0,0.0,0.0,0.0,0.0,0.0,0.0,0.0,0.0,0.0,0.0,0.0,0.0,0.0,0.0,0.0,0.0,0.0,0.0,0.0,0.0,0.0,0.0,0.0,0.0,0.0,0.0
bundesliga-2016-2017-2017-05-20-Eintracht Frankfurt-RB Leipzig,bundesliga,home,Eintracht Frankfurt,RB Leipzig,20.05.2017,2,2,2016-2017,42%,58%,16.0,7.0,3.0,5.0,11.0,0.0,2.0,2.0,4.0,3.0,4.0,4.0,3.0,1.0,12.0,17.0,1.0,2.0,41%,59%,8.0,2.0,0.0,2.0,7.0,0.0,1.0,0.0,3.0,1.0,0.0,3.0,1.0,0.0,5.0,7.0,43%,57%,8.0,5.0,3.0,3.0,4.0,0.0,1.0,2.0,1.0,2.0,4.0,1.0,2.0,1.0,7.0,10.0,0.0,2.0,1.0,0.0,0.0,0.0,0.0,0.0,0.0,0.0,0.0,0.0,0.0,0.0,0,0,0.0,0.0,0.0,0.0,0.0,0.0,0.0,0.0,0.0,0.0,0.0,0.0,0.0,0.0,0.0,0.0,0.0,0.0,0.0,0.0,0.0,0.0,0.0,0.0,0.0,0.0
bundesliga-2016-2017-2017-05-20-FC Koln-Mainz,bundesliga,home,FC Koln,Mainz,20.05.2017,2,0,2016-2017,46%,54%,16.0,5.0,4.0,0.0,10.0,2.0,2.0,3.0,7.0,5.0,0.0,2.0,0.0,2.0,14.0,17.0,2.0,1.0,51%,49%,7.0,4.0,1.0,0.0,5.0,2.0,1.0,2.0,5.0,1.0,0.0,1.0,0.0,0.0,3.0,11.0,41%,59%,9.0,1.0,3.0,0.0,5.0,0.0,1.0,1.0,2.0,4.0,0.0,1.0,0.0,2.0,11.0,6.0,1.0,0.0,1.0,1.0,0.0,0.0,0.0,0.0,0.0,0.0,0.0,0.0,0.0,0.0,0,0,0.0,0.0,0.0,0.0,0.0,0.0,0.0,0.0,0.0,0.0,0.0,0.0,0.0,0.0,0.0,0.0,0.0,0.0,0.0,0.0,0.0,0.0,0.0,0.0,0.0,0.0
bundesliga-2016-2017-2017-05-20-Hamburger SV-Wolfsburg,bundesliga,home,Hamburger SV,Wolfsburg,20.05.2017,2,1,2016-2017,49%,51%,6.0,12.0,3.0,5.0,3.0,3.0,0.0,4.0,2.0,8.0,2.0,1.0,4.0,1.0,12.0,18.0,4.0,3.0,50%,50%,2.0,5.0,1.0,3.0,1.0,2.0,0.0,0.0,2.0,5.0,1.0,0.0,2.0,0.0,6.0,6.0,48%,52%,4.0,7.0,2.0,2.0,2.0,1.0,0.0,4.0,0.0,3.0,1.0,1.0,2.0,1.0,6.0,12.0,3.0,2.0,1.0,1.0,0.0,0.0,0.0,0.0,0.0,0.0,0.0,0.0,0.0,0.0,0,0,0.0,0.0,0.0,0.0,0.0,0.0,0.0,0.0,0.0,0.0,0.0,0.0,0.0,0.0,0.0,0.0,0.0,0.0,0.0,0.0,0.0,0.0,0.0,0.0,0.0,0.0
bundesliga-2016-2017-2017-05-20-Hertha Berlin-Bayer Leverkusen,bundesliga,home,Hertha Berlin,Bayer Leverkusen,20.05.2017,2,6,2016-2017,50%,50%,14.0,16.0,5.0,11.0,8.0,3.0,1.0,2.0,3.0,6.0,2.0,2.0,5.0,3.0,17.0,13.0,3.0,1.0,48%,52%,6.0,10.0,1.0,6.0,4.0,2.0,1.0,2.0,1.0,6.0,1.0,1.0,3.0,1.0,6.0,7.0,53%,47%,8.0,6.0,4.0,5.0,4.0,1.0,0.0,0.0,2.0,0.0,1.0,1.0,2.0,2.0,11.0,6.0,1.0,1.0,2.0,0.0,0.0,0.0,0.0,0.0,0.0,0.0,0.0,0.0,0.0,0.0,0,0,0.0,0.0,0.0,0.0,0.0,0.0,0.0,0.0,0.0,0.0,0.0,0.0,0.0,0.0,0.0,0.0,0.0,0.0,0.0,0.0,0.0,0.0,0.0,0.0,0.0,0.0
bundesliga-2016-2017-2017-05-20-Hoffenheim-Augsburg,bundesliga,home,Hoffenheim,Augsburg,20.05.2017,0,0,2016-2017,76%,24%,19.0,8.0,9.0,2.0,8.0,3.0,2.0,3.0,5.0,4.0,1.0,1.0,2.0,9.0,10.0,13.0,2.0,1.0,67%,33%,6.0,4.0,4.0,0.0,2.0,2.0,0.0,2.0,3.0,3.0,1.0,1.0,0.0,4.0,6.0,2.0,85%,15%,13.0,4.0,5.0,2.0,6.0,1.0,2.0,1.0,2.0,1.0,0.0,0.0,2.0,5.0,4.0,11.0,1.0,0.0,1.0,1.0,0.0,0.0,0.0,0.0,0.0,0.0,0.0,0.0,0.0,0.0,0,0,0.0,0.0,0.0,0.0,0.0,0.0,0.0,0.0,0.0,0.0,0.0,0.0,0.0,0.0,0.0,0.0,0.0,0.0,0.0,0.0,0.0,0.0,0.0,0.0,0.0,0.0
bundesliga-2016-2017-2017-05-20-Ingolstadt-Schalke,bundesliga,home,Ingolstadt,Schalke,20.05.2017,1,1,2016-2017,50%,50%,18.0,9.0,8.0,3.0,5.0,3.0,5.0,3.0,6.0,6.0,0.0,3.0,2.0,7.0,9.0,11.0,1.0,1.0,45%,55%,8.0,3.0,4.0,2.0,2.0,1.0,2.0,0.0,4.0,1.0,0.0,1.0,1.0,3.0,3.0,5.0,55%,45%,10.0,6.0,4.0,1.0,3.0,2.0,3.0,3.0,2.0,5.0,0.0,2.0,1.0,4.0,6.0,6.0,1.0,1.0,0.0,0.0,0.0,1.0,0.0,0.0,0.0,1.0,0.0,0.0,0.0,0.0,0,0,0.0,0.0,0.0,0.0,0.0,0.0,0.0,0.0,0.0,0.0,0.0,0.0,0.0,0.0,0.0,0.0,0.0,0.0,0.0,0.0,0.0,0.0,0.0,0.0,0.0,0.0
